{
    "table": [
      {
        "id": "429",
        "group": "1",
        "group_name": null,
        "conference": "0",
        "team": "Barcelona",
        "points": "65",
        "wins": 21,
        "draws": 2,
        "losses": 2,
        "shield": "https://t.resfu.com/img_data/escudos/medium/429.jpg?size=120x&lossy=1&v=28",
        "cflag": "https://t.resfu.com/media/img/flags/st3/large/es.png?size=100x65c&lossy=1&v=28",
        "basealias": "barcelona",
        "gf": "47",
        "ga": "8",
        "avg": 39,
        "matchs_coef": "",
        "points_coef": "",
        "coef": "",
        "coefficients": null,
        "mark": 1,
        "class_mark": "cha",
        "round": "26",
        "pos": "1",
        "countrycode": "ES",
        "abbr": "FCB",
        "form": "wwlww",
        "direction": ""
      },
      {
        "id": "2107",
        "group": "1",
        "group_name": null,
        "conference": "0",
        "team": "Real Madrid",
        "points": "56",
        "wins": 17,
        "draws": 5,
        "losses": 3,
        "shield": "https://t.resfu.com/img_data/escudos/medium/2107.jpg?size=120x&lossy=1&v=28",
        "cflag": "https://t.resfu.com/media/img/flags/st3/large/es.png?size=100x65c&lossy=1&v=28",
        "basealias": "real-madrid",
        "gf": "50",
        "ga": "19",
        "avg": 31,
        "matchs_coef": "",
        "points_coef": "",
        "coef": "",
        "coefficients": null,
        "mark": 1,
        "class_mark": "cha",
        "round": "26",
        "pos": "2",
        "countrycode": "ES",
        "abbr": "RMA",
        "form": "wwddw",
        "direction": ""
      },
      {
        "id": "369",
        "group": "1",
        "group_name": null,
        "conference": "0",
        "team": "Atlético",
        "points": "48",
        "wins": 14,
        "draws": 6,
        "losses": 5,
        "shield": "https://t.resfu.com/img_data/escudos/medium/369.jpg?size=120x&lossy=1&v=28",
        "cflag": "https://t.resfu.com/media/img/flags/st3/large/es.png?size=100x65c&lossy=1&v=28",
        "basealias": "atletico-madrid",
        "gf": "39",
        "ga": "19",
        "avg": 20,
        "matchs_coef": "",
        "points_coef": "",
        "coef": "",
        "coefficients": null,
        "mark": 1,
        "class_mark": "cha",
        "round": "26",
        "pos": "3",
        "countrycode": "ES",
        "abbr": "ATM",
        "form": "wwdww",
        "direction": ""
      },
      {
        "id": "2120",
        "group": "1",
        "group_name": null,
        "conference": "0",
        "team": "R. Sociedad",
        "points": "45",
        "wins": 13,
        "draws": 6,
        "losses": 6,
        "shield": "https://t.resfu.com/img_data/escudos/medium/2120.jpg?size=120x&lossy=1&v=28",
        "cflag": "https://t.resfu.com/media/img/flags/st3/large/es.png?size=100x65c&lossy=1&v=28",
        "basealias": "real-sociedad",
        "gf": "33",
        "ga": "24",
        "avg": 9,
        "matchs_coef": "",
        "points_coef": "",
        "coef": "",
        "coefficients": null,
        "mark": 1,
        "class_mark": "cha",
        "round": "26",
        "pos": "4",
        "countrycode": "ES",
        "abbr": "RSO",
        "form": "wdldd",
        "direction": ""
      },
      {
        "id": "486",
        "group": "1",
        "group_name": null,
        "conference": "0",
        "team": "Real Betis",
        "points": "42",
        "wins": 12,
        "draws": 6,
        "losses": 7,
        "shield": "https://t.resfu.com/img_data/escudos/medium/486.jpg?size=120x&lossy=1&v=28",
        "cflag": "https://t.resfu.com/media/img/flags/st3/large/es.png?size=100x65c&lossy=1&v=28",
        "basealias": "betis",
        "gf": "33",
        "ga": "26",
        "avg": 7,
        "matchs_coef": "",
        "points_coef": "",
        "coef": "",
        "coefficients": null,
        "mark": 2,
        "class_mark": "uefa",
        "round": "26",
        "pos": "5",
        "countrycode": "ES",
        "abbr": "BET",
        "form": "wwwdd",
        "direction": ""
      },
      {
        "id": "2716",
        "group": "1",
        "group_name": null,
        "conference": "0",
        "team": "Villarreal",
        "points": "38",
        "wins": 11,
        "draws": 5,
        "losses": 9,
        "shield": "https://t.resfu.com/img_data/escudos/medium/2716.jpg?size=120x&lossy=1&v=28",
        "cflag": "https://t.resfu.com/media/img/flags/st3/large/es.png?size=100x65c&lossy=1&v=28",
        "basealias": "villarreal",
        "gf": "29",
        "ga": "24",
        "avg": 5,
        "matchs_coef": "",
        "points_coef": "",
        "coef": "",
        "coefficients": null,
        "mark": 3,
        "class_mark": "conf",
        "round": "26",
        "pos": "6",
        "countrycode": "ES",
        "abbr": "VIL",
        "form": "llwwd",
        "direction": ""
      },
      {
        "id": "2080",
        "group": "1",
        "group_name": null,
        "conference": "0",
        "team": "Rayo Vallecano",
        "points": "35",
        "wins": 9,
        "draws": 8,
        "losses": 8,
        "shield": "https://t.resfu.com/img_data/escudos/medium/2080.jpg?size=120x&lossy=1&v=28",
        "cflag": "https://t.resfu.com/media/img/flags/st3/large/es.png?size=100x65c&lossy=1&v=28",
        "basealias": "rayo-vallecano",
        "gf": "29",
        "ga": "28",
        "avg": 1,
        "matchs_coef": "",
        "points_coef": "",
        "coef": "",
        "coefficients": null,
        "mark": "",
        "class_mark": "",
        "round": "26",
        "pos": "7",
        "countrycode": "ES",
        "abbr": "RAY",
        "form": "ddldl",
        "direction": ""
      },
      {
        "id": "1887",
        "group": "1",
        "group_name": null,
        "conference": "0",
        "team": "Osasuna",
        "points": "34",
        "wins": 9,
        "draws": 7,
        "losses": 9,
        "shield": "https://t.resfu.com/img_data/escudos/medium/1887.jpg?size=120x&lossy=1&v=28",
        "cflag": "https://t.resfu.com/media/img/flags/st3/large/es.png?size=100x65c&lossy=1&v=28",
        "basealias": "osasuna",
        "gf": "22",
        "ga": "24",
        "avg": -2,
        "matchs_coef": "",
        "points_coef": "",
        "coef": "",
        "coefficients": null,
        "mark": "",
        "class_mark": "",
        "round": "26",
        "pos": "8",
        "countrycode": "ES",
        "abbr": "OSA",
        "form": "dlwdl",
        "direction": ""
      },
      {
        "id": "347",
        "group": "1",
        "group_name": null,
        "conference": "0",
        "team": "Athletic",
        "points": "33",
        "wins": 9,
        "draws": 6,
        "losses": 10,
        "shield": "https://t.resfu.com/img_data/escudos/medium/347.jpg?size=120x&lossy=1&v=28",
        "cflag": "https://t.resfu.com/media/img/flags/st3/large/es.png?size=100x65c&lossy=1&v=28",
        "basealias": "athletic-bilbao",
        "gf": "33",
        "ga": "27",
        "avg": 6,
        "matchs_coef": "",
        "points_coef": "",
        "coef": "",
        "coefficients": null,
        "mark": "",
        "class_mark": "",
        "round": "26",
        "pos": "9",
        "countrycode": "ES",
        "abbr": "ATH",
        "form": "wlldl",
        "direction": ""
      },
      {
        "id": "1623",
        "group": "1",
        "group_name": null,
        "conference": "0",
        "team": "Mallorca",
        "points": "32",
        "wins": 9,
        "draws": 5,
        "losses": 11,
        "shield": "https://t.resfu.com/img_data/escudos/medium/1623.jpg?size=120x&lossy=1&v=28",
        "cflag": "https://t.resfu.com/media/img/flags/st3/large/es.png?size=100x65c&lossy=1&v=28",
        "basealias": "mallorca",
        "gf": "22",
        "ga": "26",
        "avg": -4,
        "matchs_coef": "",
        "points_coef": "",
        "coef": "",
        "coefficients": null,
        "mark": "",
        "class_mark": "",
        "round": "26",
        "pos": "10",
        "countrycode": "ES",
        "abbr": "MLL",
        "form": "lwlld",
        "direction": ""
      },
      {
        "id": "712",
        "group": "1",
        "group_name": null,
        "conference": "0",
        "team": "Celta",
        "points": "31",
        "wins": 8,
        "draws": 7,
        "losses": 10,
        "shield": "https://t.resfu.com/img_data/escudos/medium/712.jpg?size=120x&lossy=1&v=28",
        "cflag": "https://t.resfu.com/media/img/flags/st3/large/es.png?size=100x65c&lossy=1&v=28",
        "basealias": "celta",
        "gf": "29",
        "ga": "34",
        "avg": -5,
        "matchs_coef": "",
        "points_coef": "",
        "coef": "",
        "coefficients": null,
        "mark": "",
        "class_mark": "",
        "round": "26",
        "pos": "11",
        "countrycode": "ES",
        "abbr": "CEL",
        "form": "ldwdw",
        "direction": ""
      },
      {
        "id": "1236",
        "group": "1",
        "group_name": null,
        "conference": "0",
        "team": "Girona",
        "points": "30",
        "wins": 8,
        "draws": 6,
        "losses": 11,
        "shield": "https://t.resfu.com/img_data/escudos/medium/1236.jpg?size=120x&lossy=1&v=28",
        "cflag": "https://t.resfu.com/media/img/flags/st3/large/es.png?size=100x65c&lossy=1&v=28",
        "basealias": "girona-fc",
        "gf": "38",
        "ga": "39",
        "avg": -1,
        "matchs_coef": "",
        "points_coef": "",
        "coef": "",
        "coefficients": null,
        "mark": "",
        "class_mark": "",
        "round": "26",
        "pos": "12",
        "countrycode": "ES",
        "abbr": "GIR",
        "form": "lwwll",
        "direction": ""
      },
      {
        "id": "1102",
        "group": "1",
        "group_name": null,
        "conference": "0",
        "team": "Sevilla",
        "points": "28",
        "wins": 7,
        "draws": 7,
        "losses": 11,
        "shield": "https://t.resfu.com/img_data/escudos/medium/1102.jpg?size=120x&lossy=1&v=28",
        "cflag": "https://t.resfu.com/media/img/flags/st3/large/es.png?size=100x65c&lossy=1&v=28",
        "basealias": "sevilla",
        "gf": "29",
        "ga": "40",
        "avg": -11,
        "matchs_coef": "",
        "points_coef": "",
        "coef": "",
        "coefficients": null,
        "mark": "",
        "class_mark": "",
        "round": "26",
        "pos": "13",
        "countrycode": "ES",
        "abbr": "SEV",
        "form": "wdllw",
        "direction": ""
      },
      {
        "id": "2654",
        "group": "1",
        "group_name": null,
        "conference": "0",
        "team": "Real Valladolid",
        "points": "28",
        "wins": 8,
        "draws": 4,
        "losses": 13,
        "shield": "https://t.resfu.com/img_data/escudos/medium/2654.jpg?size=120x&lossy=1&v=28",
        "cflag": "https://t.resfu.com/media/img/flags/st3/large/es.png?size=100x65c&lossy=1&v=28",
        "basealias": "valladolid",
        "gf": "19",
        "ga": "35",
        "avg": -16,
        "matchs_coef": "",
        "points_coef": "",
        "coef": "",
        "coefficients": null,
        "mark": "",
        "class_mark": "",
        "round": "26",
        "pos": "14",
        "countrycode": "ES",
        "abbr": "VAD",
        "form": "dllwd",
        "direction": ""
      },
      {
        "id": "998",
        "group": "1",
        "group_name": null,
        "conference": "0",
        "team": "Espanyol",
        "points": "27",
        "wins": 6,
        "draws": 9,
        "losses": 10,
        "shield": "https://t.resfu.com/img_data/escudos/medium/998.jpg?size=120x&lossy=1&v=28",
        "cflag": "https://t.resfu.com/media/img/flags/st3/large/es.png?size=100x65c&lossy=1&v=28",
        "basealias": "espanyol",
        "gf": "31",
        "ga": "39",
        "avg": -8,
        "matchs_coef": "",
        "points_coef": "",
        "coef": "",
        "coefficients": null,
        "mark": "",
        "class_mark": "",
        "round": "26",
        "pos": "15",
        "countrycode": "ES",
        "abbr": "ESP",
        "form": "lwwll",
        "direction": ""
      },
      {
        "id": "603",
        "group": "1",
        "group_name": null,
        "conference": "0",
        "team": "Cádiz",
        "points": "27",
        "wins": 6,
        "draws": 9,
        "losses": 10,
        "shield": "https://t.resfu.com/img_data/escudos/medium/603.jpg?size=120x&lossy=1&v=28",
        "cflag": "https://t.resfu.com/media/img/flags/st3/large/es.png?size=100x65c&lossy=1&v=28",
        "basealias": "cadiz",
        "gf": "20",
        "ga": "37",
        "avg": -17,
        "matchs_coef": "",
        "points_coef": "",
        "coef": "",
        "coefficients": null,
        "mark": "",
        "class_mark": "",
        "round": "26",
        "pos": "16",
        "countrycode": "ES",
        "abbr": "CAD",
        "form": "wlwdd",
        "direction": ""
      },
      {
        "id": "2647",
        "group": "1",
        "group_name": null,
        "conference": "0",
        "team": "Valencia",
        "points": "26",
        "wins": 7,
        "draws": 5,
        "losses": 13,
        "shield": "https://t.resfu.com/img_data/escudos/medium/2647.jpg?size=120x&lossy=1&v=28",
        "cflag": "https://t.resfu.com/media/img/flags/st3/large/es.png?size=100x65c&lossy=1&v=28",
        "basealias": "valencia-cf",
        "gf": "28",
        "ga": "28",
        "avg": 0,
        "matchs_coef": "",
        "points_coef": "",
        "coef": "",
        "coefficients": null,
        "mark": "",
        "class_mark": "",
        "round": "26",
        "pos": "17",
        "countrycode": "ES",
        "abbr": "VCF",
        "form": "llwlw",
        "direction": ""
      },
      {
        "id": "1217",
        "group": "1",
        "group_name": null,
        "conference": "0",
        "team": "Getafe",
        "points": "26",
        "wins": 6,
        "draws": 8,
        "losses": 11,
        "shield": "https://t.resfu.com/img_data/escudos/medium/1217.jpg?size=120x&lossy=1&v=28",
        "cflag": "https://t.resfu.com/media/img/flags/st3/large/es.png?size=100x65c&lossy=1&v=28",
        "basealias": "getafe",
        "gf": "25",
        "ga": "34",
        "avg": -9,
        "matchs_coef": "",
        "points_coef": "",
        "coef": "",
        "coefficients": null,
        "mark": 5,
        "class_mark": "desc",
        "round": "26",
        "pos": "18",
        "countrycode": "ES",
        "abbr": "GET",
        "form": "dwlwd",
        "direction": ""
      },
      {
        "id": "183",
        "group": "1",
        "group_name": null,
        "conference": "0",
        "team": "Almería",
        "points": "25",
        "wins": 7,
        "draws": 4,
        "losses": 14,
        "shield": "https://t.resfu.com/img_data/escudos/medium/183.jpg?size=120x&lossy=1&v=28",
        "cflag": "https://t.resfu.com/media/img/flags/st3/large/es.png?size=100x65c&lossy=1&v=28",
        "basealias": "almeria",
        "gf": "29",
        "ga": "44",
        "avg": -15,
        "matchs_coef": "",
        "points_coef": "",
        "coef": "",
        "coefficients": null,
        "mark": 5,
        "class_mark": "desc",
        "round": "26",
        "pos": "19",
        "countrycode": "ES",
        "abbr": "ALM",
        "form": "llwll",
        "direction": ""
      },
      {
        "id": "975",
        "group": "1",
        "group_name": null,
        "conference": "0",
        "team": "Elche",
        "points": "13",
        "wins": 2,
        "draws": 7,
        "losses": 16,
        "shield": "https://t.resfu.com/img_data/escudos/medium/975.jpg?size=120x&lossy=1&v=28",
        "cflag": "https://t.resfu.com/media/img/flags/st3/large/es.png?size=100x65c&lossy=1&v=28",
        "basealias": "elche",
        "gf": "19",
        "ga": "49",
        "avg": -30,
        "matchs_coef": "",
        "points_coef": "",
        "coef": "",
        "coefficients": null,
        "mark": 5,
        "class_mark": "desc",
        "round": "26",
        "pos": "20",
        "countrycode": "ES",
        "abbr": "ELC",
        "form": "lllwd",
        "direction": ""
      }
    ],
    "info": {
      "type": "Regular",
      "type_id": "4"
    },
    "legends": [
      {
        "group": "1",
        "legend": [
          {
            "pos": 1,
            "title": "Champions League",
            "class_color": "cha"
          },
          {
            "pos": 2,
            "title": "Europa League",
            "class_color": "uefa"
          },
          {
            "pos": 3,
            "title": "Conference League",
            "class_color": "conf"
          },
          {
            "pos": 5,
            "title": "Descenso",
            "class_color": "desc"
          }
        ],
        "penalty": []
      }
    ]
  }