{
    "1": {
      "id": "1",
      "name": "Primera División",
      "year": "2023",
      "flag": "https://t.resfu.com/media/img/flags/st3/large/es.png?size=100x65c&lossy=1&v=28",
      "logo": "https://t.resfu.com/media/img/league_logos/primera.png?size=120x&lossy=1&v=28",
      "phases": [
        {
          "name": "Regular",
          "data": [
            {
              "total_groups": "1",
              "total_teams": "20",
              "total_rounds": "38",
              "group": "1",
              "current_round": "26",
              "name": null,
              "year": "2023",
              "category_id": "1",
              "league_id": "67669",
              "type": "Regular",
              "type_id": "4"
            }
          ]
        }
      ]
    }
  }