{
    "team": [
      {
        "id": "183",
        "id_comp": "6515748",
        "nameShow": "Almería",
        "translate": "0",
        "group_code": "1",
        "favorite": "0",
        "basealias": "almeria",
        "fullName": "Unión Deportiva Almería",
        "conference": "0",
        "short_name": "ALM",
        "year": "2023",
        "color1": "#ee1119",
        "countryCode": "ES",
        "nameShowTeam": "Almería",
        "alerts": "",
        "shield": "https://t.resfu.com/img_data/escudos/medium/183.jpg?size=60x&lossy=1&v=28",
        "shield_big": "https://t.resfu.com/img_data/escudos/medium/183.jpg?size=200x&lossy=1&v=28",
        "shield_png": "https://t.resfu.com/img_data/equipos/183.png?size=200x&ext=png&lossy=1&11",
        "flag": "https://t.resfu.com/media/img/flags/st3/large/es.png?size=200x&ext=png&lossy=1&11",
        "gender": 1
      },
      {
        "id": "347",
        "id_comp": "6514920",
        "nameShow": "Athletic",
        "translate": "0",
        "group_code": "1",
        "favorite": "0",
        "basealias": "athletic-bilbao",
        "fullName": "Athletic Club",
        "conference": "0",
        "short_name": "ATH",
        "year": "2023",
        "color1": "#e0092c",
        "countryCode": "ES",
        "nameShowTeam": "Athletic",
        "alerts": "",
        "shield": "https://t.resfu.com/img_data/escudos/medium/347.jpg?size=60x&lossy=1&v=28",
        "shield_big": "https://t.resfu.com/img_data/escudos/medium/347.jpg?size=200x&lossy=1&v=28",
        "shield_png": "https://t.resfu.com/img_data/equipos/347.png?size=200x&ext=png&lossy=1&11",
        "flag": "https://t.resfu.com/media/img/flags/st3/large/es.png?size=200x&ext=png&lossy=1&11",
        "gender": 1
      },
      {
        "id": "369",
        "id_comp": "6514921",
        "nameShow": "Atlético",
        "translate": "0",
        "group_code": "1",
        "favorite": "0",
        "basealias": "atletico-madrid",
        "fullName": "Club Atlético de Madrid",
        "conference": "0",
        "short_name": "ATM",
        "year": "2023",
        "color1": "#d22426",
        "countryCode": "ES",
        "nameShowTeam": "Atlético",
        "alerts": "",
        "shield": "https://t.resfu.com/img_data/escudos/medium/369.jpg?size=60x&lossy=1&v=28",
        "shield_big": "https://t.resfu.com/img_data/escudos/medium/369.jpg?size=200x&lossy=1&v=28",
        "shield_png": "https://t.resfu.com/img_data/equipos/369.png?size=200x&ext=png&lossy=1&11",
        "flag": "https://t.resfu.com/media/img/flags/st3/large/es.png?size=200x&ext=png&lossy=1&11",
        "gender": 1
      },
      {
        "id": "429",
        "id_comp": "6514922",
        "nameShow": "Barcelona",
        "translate": "0",
        "group_code": "1",
        "favorite": "0",
        "basealias": "barcelona",
        "fullName": "Fútbol Club Barcelona",
        "conference": "0",
        "short_name": "FCB",
        "year": "2023",
        "color1": "#a40047",
        "countryCode": "ES",
        "nameShowTeam": "Barcelona",
        "alerts": "",
        "shield": "https://t.resfu.com/img_data/escudos/medium/429.jpg?size=60x&lossy=1&v=28",
        "shield_big": "https://t.resfu.com/img_data/escudos/medium/429.jpg?size=200x&lossy=1&v=28",
        "shield_png": "https://t.resfu.com/img_data/equipos/429.png?size=200x&ext=png&lossy=1&11",
        "flag": "https://t.resfu.com/media/img/flags/st3/large/es.png?size=200x&ext=png&lossy=1&11",
        "gender": 1
      },
      {
        "id": "603",
        "id_comp": "6514923",
        "nameShow": "Cádiz",
        "translate": "0",
        "group_code": "1",
        "favorite": "0",
        "basealias": "cadiz",
        "fullName": "Cádiz Club de Fútbol",
        "conference": "0",
        "short_name": "CAD",
        "year": "2023",
        "color1": "#f8d902",
        "countryCode": "ES",
        "nameShowTeam": "Cádiz",
        "alerts": "",
        "shield": "https://t.resfu.com/img_data/escudos/medium/603.jpg?size=60x&lossy=1&v=28",
        "shield_big": "https://t.resfu.com/img_data/escudos/medium/603.jpg?size=200x&lossy=1&v=28",
        "shield_png": "https://t.resfu.com/img_data/equipos/603.png?size=200x&ext=png&lossy=1&11",
        "flag": "https://t.resfu.com/media/img/flags/st3/large/es.png?size=200x&ext=png&lossy=1&11",
        "gender": 1
      },
      {
        "id": "712",
        "id_comp": "6514924",
        "nameShow": "Celta",
        "translate": "0",
        "group_code": "1",
        "favorite": "0",
        "basealias": "celta",
        "fullName": "Real Club Celta de Vigo SAD",
        "conference": "0",
        "short_name": "CEL",
        "year": "2023",
        "color1": "#6cace4",
        "countryCode": "ES",
        "nameShowTeam": "Celta",
        "alerts": "",
        "shield": "https://t.resfu.com/img_data/escudos/medium/712.jpg?size=60x&lossy=1&v=28",
        "shield_big": "https://t.resfu.com/img_data/escudos/medium/712.jpg?size=200x&lossy=1&v=28",
        "shield_png": "https://t.resfu.com/img_data/equipos/712.png?size=200x&ext=png&lossy=1&11",
        "flag": "https://t.resfu.com/media/img/flags/st3/large/es.png?size=200x&ext=png&lossy=1&11",
        "gender": 1
      },
      {
        "id": "975",
        "id_comp": "6514925",
        "nameShow": "Elche",
        "translate": "0",
        "group_code": "1",
        "favorite": "0",
        "basealias": "elche",
        "fullName": "Elche Club de Fútbol",
        "conference": "0",
        "short_name": "ELC",
        "year": "2023",
        "color1": "#004a1f",
        "countryCode": "ES",
        "nameShowTeam": "Elche",
        "alerts": "",
        "shield": "https://t.resfu.com/img_data/escudos/medium/975.jpg?size=60x&lossy=1&v=28",
        "shield_big": "https://t.resfu.com/img_data/escudos/medium/975.jpg?size=200x&lossy=1&v=28",
        "shield_png": "https://t.resfu.com/img_data/equipos/975.png?size=200x&ext=png&lossy=1&11",
        "flag": "https://t.resfu.com/media/img/flags/st3/large/es.png?size=200x&ext=png&lossy=1&11",
        "gender": 1
      },
      {
        "id": "998",
        "id_comp": "6514926",
        "nameShow": "Espanyol",
        "translate": "0",
        "group_code": "1",
        "favorite": "0",
        "basealias": "espanyol",
        "fullName": "Real Club Deportivo Espanyol",
        "conference": "0",
        "short_name": "ESP",
        "year": "2023",
        "color1": "#1e6bc0",
        "countryCode": "ES",
        "nameShowTeam": "Espanyol",
        "alerts": "",
        "shield": "https://t.resfu.com/img_data/escudos/medium/998.jpg?size=60x&lossy=1&v=28",
        "shield_big": "https://t.resfu.com/img_data/escudos/medium/998.jpg?size=200x&lossy=1&v=28",
        "shield_png": "https://t.resfu.com/img_data/equipos/998.png?size=200x&ext=png&lossy=1&11",
        "flag": "https://t.resfu.com/media/img/flags/st3/large/es.png?size=200x&ext=png&lossy=1&11",
        "gender": 1
      },
      {
        "id": "1217",
        "id_comp": "6514927",
        "nameShow": "Getafe",
        "translate": "0",
        "group_code": "1",
        "favorite": "0",
        "basealias": "getafe",
        "fullName": "Getafe Club de Fútbol SAD",
        "conference": "0",
        "short_name": "GET",
        "year": "2023",
        "color1": "#00369e",
        "countryCode": "ES",
        "nameShowTeam": "Getafe",
        "alerts": "",
        "shield": "https://t.resfu.com/img_data/escudos/medium/1217.jpg?size=60x&lossy=1&v=28",
        "shield_big": "https://t.resfu.com/img_data/escudos/medium/1217.jpg?size=200x&lossy=1&v=28",
        "shield_png": "https://t.resfu.com/img_data/equipos/1217.png?size=200x&ext=png&lossy=1&11",
        "flag": "https://t.resfu.com/media/img/flags/st3/large/es.png?size=200x&ext=png&lossy=1&11",
        "gender": 1
      },
      {
        "id": "1236",
        "id_comp": "6519125",
        "nameShow": "Girona",
        "translate": "0",
        "group_code": "1",
        "favorite": "0",
        "basealias": "girona-fc",
        "fullName": "Girona Fútbol Club SAD",
        "conference": "0",
        "short_name": "GIR",
        "year": "2023",
        "color1": "#c50f27",
        "countryCode": "ES",
        "nameShowTeam": "Girona",
        "alerts": "",
        "shield": "https://t.resfu.com/img_data/escudos/medium/1236.jpg?size=60x&lossy=1&v=28",
        "shield_big": "https://t.resfu.com/img_data/escudos/medium/1236.jpg?size=200x&lossy=1&v=28",
        "shield_png": "https://t.resfu.com/img_data/equipos/1236.png?size=200x&ext=png&lossy=1&11",
        "flag": "https://t.resfu.com/media/img/flags/st3/large/es.png?size=200x&ext=png&lossy=1&11",
        "gender": 1
      },
      {
        "id": "1623",
        "id_comp": "6514928",
        "nameShow": "Mallorca",
        "translate": "0",
        "group_code": "1",
        "favorite": "0",
        "basealias": "mallorca",
        "fullName": "Real Club Deportivo Mallorca",
        "conference": "0",
        "short_name": "MLL",
        "year": "2023",
        "color1": "#ed1b24",
        "countryCode": "ES",
        "nameShowTeam": "Mallorca",
        "alerts": "",
        "shield": "https://t.resfu.com/img_data/escudos/medium/1623.jpg?size=60x&lossy=1&v=28",
        "shield_big": "https://t.resfu.com/img_data/escudos/medium/1623.jpg?size=200x&lossy=1&v=28",
        "shield_png": "https://t.resfu.com/img_data/equipos/1623.png?size=200x&ext=png&lossy=1&11",
        "flag": "https://t.resfu.com/media/img/flags/st3/large/es.png?size=200x&ext=png&lossy=1&11",
        "gender": 1
      },
      {
        "id": "1887",
        "id_comp": "6514929",
        "nameShow": "Osasuna",
        "translate": "0",
        "group_code": "1",
        "favorite": "0",
        "basealias": "osasuna",
        "fullName": "Club Atlético Osasuna",
        "conference": "0",
        "short_name": "OSA",
        "year": "2023",
        "color1": "#b4001b",
        "countryCode": "ES",
        "nameShowTeam": "Osasuna",
        "alerts": "",
        "shield": "https://t.resfu.com/img_data/escudos/medium/1887.jpg?size=60x&lossy=1&v=28",
        "shield_big": "https://t.resfu.com/img_data/escudos/medium/1887.jpg?size=200x&lossy=1&v=28",
        "shield_png": "https://t.resfu.com/img_data/equipos/1887.png?size=200x&ext=png&lossy=1&11",
        "flag": "https://t.resfu.com/media/img/flags/st3/large/es.png?size=200x&ext=png&lossy=1&11",
        "gender": 1
      },
      {
        "id": "2120",
        "id_comp": "6514930",
        "nameShow": "R. Sociedad",
        "translate": "0",
        "group_code": "1",
        "favorite": "0",
        "basealias": "real-sociedad",
        "fullName": "Real Sociedad de Fútbol SAD",
        "conference": "0",
        "short_name": "RSO",
        "year": "2023",
        "color1": "#0058b1",
        "countryCode": "ES",
        "nameShowTeam": "R. Sociedad",
        "alerts": "",
        "shield": "https://t.resfu.com/img_data/escudos/medium/2120.jpg?size=60x&lossy=1&v=28",
        "shield_big": "https://t.resfu.com/img_data/escudos/medium/2120.jpg?size=200x&lossy=1&v=28",
        "shield_png": "https://t.resfu.com/img_data/equipos/2120.png?size=200x&ext=png&lossy=1&11",
        "flag": "https://t.resfu.com/media/img/flags/st3/large/es.png?size=200x&ext=png&lossy=1&11",
        "gender": 1
      },
      {
        "id": "2080",
        "id_comp": "6514931",
        "nameShow": "Rayo Vallecano",
        "translate": "0",
        "group_code": "1",
        "favorite": "0",
        "basealias": "rayo-vallecano",
        "fullName": "Rayo Vallecano de Madrid SAD",
        "conference": "0",
        "short_name": "RAY",
        "year": "2023",
        "color1": "#e53027",
        "countryCode": "ES",
        "nameShowTeam": "Rayo Vallecano",
        "alerts": "",
        "shield": "https://t.resfu.com/img_data/escudos/medium/2080.jpg?size=60x&lossy=1&v=28",
        "shield_big": "https://t.resfu.com/img_data/escudos/medium/2080.jpg?size=200x&lossy=1&v=28",
        "shield_png": "https://t.resfu.com/img_data/equipos/2080.png?size=200x&ext=png&lossy=1&11",
        "flag": "https://t.resfu.com/media/img/flags/st3/large/es.png?size=200x&ext=png&lossy=1&11",
        "gender": 1
      },
      {
        "id": "486",
        "id_comp": "6514932",
        "nameShow": "Real Betis",
        "translate": "0",
        "group_code": "1",
        "favorite": "0",
        "basealias": "betis",
        "fullName": "Real Betis Balompié",
        "conference": "0",
        "short_name": "BET",
        "year": "2023",
        "color1": "#009655",
        "countryCode": "ES",
        "nameShowTeam": "Real Betis",
        "alerts": "",
        "shield": "https://t.resfu.com/img_data/escudos/medium/486.jpg?size=60x&lossy=1&v=28",
        "shield_big": "https://t.resfu.com/img_data/escudos/medium/486.jpg?size=200x&lossy=1&v=28",
        "shield_png": "https://t.resfu.com/img_data/equipos/486.png?size=200x&ext=png&lossy=1&11",
        "flag": "https://t.resfu.com/media/img/flags/st3/large/es.png?size=200x&ext=png&lossy=1&11",
        "gender": 1
      },
      {
        "id": "2107",
        "id_comp": "6514933",
        "nameShow": "Real Madrid",
        "translate": "0",
        "group_code": "1",
        "favorite": "0",
        "basealias": "real-madrid",
        "fullName": "Real Madrid Club de Fútbol",
        "conference": "0",
        "short_name": "RMA",
        "year": "2023",
        "color1": "#0255a5",
        "countryCode": "ES",
        "nameShowTeam": "Real Madrid",
        "alerts": "",
        "shield": "https://t.resfu.com/img_data/escudos/medium/2107.jpg?size=60x&lossy=1&v=28",
        "shield_big": "https://t.resfu.com/img_data/escudos/medium/2107.jpg?size=200x&lossy=1&v=28",
        "shield_png": "https://t.resfu.com/img_data/equipos/2107.png?size=200x&ext=png&lossy=1&11",
        "flag": "https://t.resfu.com/media/img/flags/st3/large/es.png?size=200x&ext=png&lossy=1&11",
        "gender": 1
      },
      {
        "id": "2654",
        "id_comp": "6515747",
        "nameShow": "Real Valladolid",
        "translate": "0",
        "group_code": "1",
        "favorite": "0",
        "basealias": "valladolid",
        "fullName": "Real Valladolid Club de Fútbol",
        "conference": "0",
        "short_name": "VAD",
        "year": "2023",
        "color1": "#63257f",
        "countryCode": "ES",
        "nameShowTeam": "Real Valladolid",
        "alerts": "",
        "shield": "https://t.resfu.com/img_data/escudos/medium/2654.jpg?size=60x&lossy=1&v=28",
        "shield_big": "https://t.resfu.com/img_data/escudos/medium/2654.jpg?size=200x&lossy=1&v=28",
        "shield_png": "https://t.resfu.com/img_data/equipos/2654.png?size=200x&ext=png&lossy=1&11",
        "flag": "https://t.resfu.com/media/img/flags/st3/large/es.png?size=200x&ext=png&lossy=1&11",
        "gender": 1
      },
      {
        "id": "1102",
        "id_comp": "6514934",
        "nameShow": "Sevilla",
        "translate": "0",
        "group_code": "1",
        "favorite": "0",
        "basealias": "sevilla",
        "fullName": "Sevilla Fútbol Club",
        "conference": "0",
        "short_name": "SEV",
        "year": "2023",
        "color1": "#ff0000",
        "countryCode": "ES",
        "nameShowTeam": "Sevilla",
        "alerts": "",
        "shield": "https://t.resfu.com/img_data/escudos/medium/1102.jpg?size=60x&lossy=1&v=28",
        "shield_big": "https://t.resfu.com/img_data/escudos/medium/1102.jpg?size=200x&lossy=1&v=28",
        "shield_png": "https://t.resfu.com/img_data/equipos/1102.png?size=200x&ext=png&lossy=1&11",
        "flag": "https://t.resfu.com/media/img/flags/st3/large/es.png?size=200x&ext=png&lossy=1&11",
        "gender": 1
      },
      {
        "id": "2647",
        "id_comp": "6514935",
        "nameShow": "Valencia",
        "translate": "0",
        "group_code": "1",
        "favorite": "0",
        "basealias": "valencia-cf",
        "fullName": "Valencia Club de Fútbol",
        "conference": "0",
        "short_name": "VCF",
        "year": "2023",
        "color1": "#ff671f",
        "countryCode": "ES",
        "nameShowTeam": "Valencia",
        "alerts": "",
        "shield": "https://t.resfu.com/img_data/escudos/medium/2647.jpg?size=60x&lossy=1&v=28",
        "shield_big": "https://t.resfu.com/img_data/escudos/medium/2647.jpg?size=200x&lossy=1&v=28",
        "shield_png": "https://t.resfu.com/img_data/equipos/2647.png?size=200x&ext=png&lossy=1&11",
        "flag": "https://t.resfu.com/media/img/flags/st3/large/es.png?size=200x&ext=png&lossy=1&11",
        "gender": 1
      },
      {
        "id": "2716",
        "id_comp": "6514936",
        "nameShow": "Villarreal",
        "translate": "0",
        "group_code": "1",
        "favorite": "0",
        "basealias": "villarreal",
        "fullName": "Villarreal Club de Fútbol",
        "conference": "0",
        "short_name": "VIL",
        "year": "2023",
        "color1": "#ffe715",
        "countryCode": "ES",
        "nameShowTeam": "Villarreal",
        "alerts": "",
        "shield": "https://t.resfu.com/img_data/escudos/medium/2716.jpg?size=60x&lossy=1&v=28",
        "shield_big": "https://t.resfu.com/img_data/escudos/medium/2716.jpg?size=200x&lossy=1&v=28",
        "shield_png": "https://t.resfu.com/img_data/equipos/2716.png?size=200x&ext=png&lossy=1&11",
        "flag": "https://t.resfu.com/media/img/flags/st3/large/es.png?size=200x&ext=png&lossy=1&11",
        "gender": 1
      }
    ]
  }