{
    "matches": [
      {
        "id": "46072",
        "round": "37",
        "local": "Blackpool",
        "group_code": "1",
        "total_group": "1",
        "visitor": "Queens Park Rangers",
        "competition_name": "Championship",
        "league_id": "67799",
        "extraName": "",
        "conference": "",
        "category_id": "25",
        "logo": "https://t.resfu.com/media/img/league_logos/championship.png?size=120x&lossy=1&v=28",
        "team1": "6517140",
        "team2": "6517150",
        "dteam1": "508",
        "dteam2": "2044",
        "local_abbr": "BPO",
        "visitor_abbr": "QPR",
        "numc": "0",
        "year": "2023",
        "playoffs": false,
        "coef": "37.500",
        "penaltis1": "",
        "penaltis2": "",
        "no_hour": false,
        "extraTxt": "En 6 horas",
        "cflag": "https://t.resfu.com/media/img/flags/st3/large/gb.png?size=100x65c&lossy=1&v=28",
        "cflag_local": "https://t.resfu.com/media/img/flags/st3/large/gb.png?size=100x65c&lossy=1&v=28",
        "cflag_visitor": "https://t.resfu.com/media/img/flags/st3/large/gb.png?size=100x65c&lossy=1&v=28",
        "local_shield": "https://t.resfu.com/img_data/escudos/medium/508.jpg?size=60x&lossy=1&v=28",
        "visitor_shield": "https://t.resfu.com/img_data/escudos/medium/2044.jpg?size=60x&lossy=1&v=28",
        "date": "2023/03/14",
        "hour": "20",
        "minute": "45",
        "result": "x-x",
        "live_minute": "",
        "status": -1,
        "winner": 0,
        "channels": []
      },
      {
        "id": "46074",
        "round": "37",
        "local": "Millwall",
        "group_code": "1",
        "total_group": "1",
        "visitor": "Swansea City",
        "competition_name": "Championship",
        "league_id": "67799",
        "extraName": "",
        "conference": "",
        "category_id": "25",
        "logo": "https://t.resfu.com/media/img/league_logos/championship.png?size=120x&lossy=1&v=28",
        "team1": "6517148",
        "team2": "6517154",
        "dteam1": "1694",
        "dteam2": "2453",
        "local_abbr": "MIL",
        "visitor_abbr": "SWA",
        "numc": "0",
        "year": "2023",
        "playoffs": false,
        "coef": "37.500",
        "penaltis1": "",
        "penaltis2": "",
        "no_hour": false,
        "extraTxt": "En 6 horas",
        "cflag": "https://t.resfu.com/media/img/flags/st3/large/gb.png?size=100x65c&lossy=1&v=28",
        "cflag_local": "https://t.resfu.com/media/img/flags/st3/large/gb.png?size=100x65c&lossy=1&v=28",
        "cflag_visitor": "https://t.resfu.com/media/img/flags/st3/large/wa.png?size=100x65c&lossy=1&v=28",
        "local_shield": "https://t.resfu.com/img_data/escudos/medium/1694.jpg?size=60x&lossy=1&v=28",
        "visitor_shield": "https://t.resfu.com/img_data/escudos/medium/2453.jpg?size=60x&lossy=1&v=28",
        "date": "2023/03/14",
        "hour": "20",
        "minute": "45",
        "result": "x-x",
        "live_minute": "",
        "status": -1,
        "winner": 0,
        "channels": []
      },
      {
        "id": "46076",
        "round": "37",
        "local": "Watford",
        "group_code": "1",
        "total_group": "1",
        "visitor": "Birmingham City",
        "competition_name": "Championship",
        "league_id": "67799",
        "extraName": "",
        "conference": "",
        "category_id": "25",
        "logo": "https://t.resfu.com/media/img/league_logos/championship.png?size=120x&lossy=1&v=28",
        "team1": "6517160",
        "team2": "6517138",
        "dteam1": "2743",
        "dteam2": "502",
        "local_abbr": "WAT",
        "visitor_abbr": "BIR",
        "numc": "0",
        "year": "2023",
        "playoffs": false,
        "coef": "37.500",
        "penaltis1": "",
        "penaltis2": "",
        "no_hour": false,
        "extraTxt": "En 6 horas",
        "cflag": "https://t.resfu.com/media/img/flags/st3/large/gb.png?size=100x65c&lossy=1&v=28",
        "cflag_local": "https://t.resfu.com/media/img/flags/st3/large/gb.png?size=100x65c&lossy=1&v=28",
        "cflag_visitor": "https://t.resfu.com/media/img/flags/st3/large/gb.png?size=100x65c&lossy=1&v=28",
        "local_shield": "https://t.resfu.com/img_data/escudos/medium/2743.jpg?size=60x&lossy=1&v=28",
        "visitor_shield": "https://t.resfu.com/img_data/escudos/medium/502.jpg?size=60x&lossy=1&v=28",
        "date": "2023/03/14",
        "hour": "20",
        "minute": "45",
        "result": "x-x",
        "live_minute": "",
        "status": -1,
        "winner": 0,
        "channels": []
      },
      {
        "id": "46077",
        "round": "37",
        "local": "Wigan Athletic",
        "group_code": "1",
        "total_group": "1",
        "visitor": "Coventry City",
        "competition_name": "Championship",
        "league_id": "67799",
        "extraName": "",
        "conference": "",
        "category_id": "25",
        "logo": "https://t.resfu.com/media/img/league_logos/championship.png?size=120x&lossy=1&v=28",
        "team1": "6517161",
        "team2": "6517143",
        "dteam1": "2753",
        "dteam2": "9189",
        "local_abbr": "WIG",
        "visitor_abbr": "COV",
        "numc": "0",
        "year": "2023",
        "playoffs": false,
        "coef": "37.500",
        "penaltis1": "",
        "penaltis2": "",
        "no_hour": false,
        "extraTxt": "En 6 horas",
        "cflag": "https://t.resfu.com/media/img/flags/st3/large/gb.png?size=100x65c&lossy=1&v=28",
        "cflag_local": "https://t.resfu.com/media/img/flags/st3/large/gb.png?size=100x65c&lossy=1&v=28",
        "cflag_visitor": "https://t.resfu.com/media/img/flags/st3/large/gb.png?size=100x65c&lossy=1&v=28",
        "local_shield": "https://t.resfu.com/img_data/escudos/medium/2753.jpg?size=60x&lossy=1&v=28",
        "visitor_shield": "https://t.resfu.com/img_data/escudos/medium/9189.jpg?size=60x&lossy=1&v=28",
        "date": "2023/03/14",
        "hour": "20",
        "minute": "45",
        "result": "x-x",
        "live_minute": "",
        "status": -1,
        "winner": 0,
        "channels": []
      },
      {
        "id": "46075",
        "round": "37",
        "local": "Rotherham United",
        "group_code": "1",
        "total_group": "1",
        "visitor": "Preston North End",
        "competition_name": "Championship",
        "league_id": "67799",
        "extraName": "",
        "conference": "",
        "category_id": "25",
        "logo": "https://t.resfu.com/media/img/league_logos/championship.png?size=120x&lossy=1&v=28",
        "team1": "6517158",
        "team2": "6517149",
        "dteam1": "9194",
        "dteam2": "9184",
        "local_abbr": "ROT",
        "visitor_abbr": "PNE",
        "numc": "0",
        "year": "2023",
        "playoffs": false,
        "coef": "37.500",
        "penaltis1": "",
        "penaltis2": "",
        "no_hour": false,
        "extraTxt": "En 6 horas",
        "cflag": "https://t.resfu.com/media/img/flags/st3/large/gb.png?size=100x65c&lossy=1&v=28",
        "cflag_local": "https://t.resfu.com/media/img/flags/st3/large/gb.png?size=100x65c&lossy=1&v=28",
        "cflag_visitor": "https://t.resfu.com/media/img/flags/st3/large/gb.png?size=100x65c&lossy=1&v=28",
        "local_shield": "https://t.resfu.com/img_data/escudos/medium/9194.jpg?size=60x&lossy=1&v=28",
        "visitor_shield": "https://t.resfu.com/img_data/escudos/medium/9184.jpg?size=60x&lossy=1&v=28",
        "date": "2023/03/14",
        "hour": "20",
        "minute": "45",
        "result": "x-x",
        "live_minute": "",
        "status": -1,
        "winner": 0,
        "channels": []
      },
      {
        "id": "46073",
        "round": "37",
        "local": "Middlesbrough",
        "group_code": "1",
        "total_group": "1",
        "visitor": "Stoke City",
        "competition_name": "Championship",
        "league_id": "67799",
        "extraName": "",
        "conference": "",
        "category_id": "25",
        "logo": "https://t.resfu.com/media/img/league_logos/championship.png?size=120x&lossy=1&v=28",
        "team1": "6517147",
        "team2": "6517153",
        "dteam1": "1689",
        "dteam2": "2429",
        "local_abbr": "MID",
        "visitor_abbr": "STO",
        "numc": "0",
        "year": "2023",
        "playoffs": false,
        "coef": "37.500",
        "penaltis1": "",
        "penaltis2": "",
        "no_hour": false,
        "extraTxt": "En 6 horas",
        "cflag": "https://t.resfu.com/media/img/flags/st3/large/gb.png?size=100x65c&lossy=1&v=28",
        "cflag_local": "https://t.resfu.com/media/img/flags/st3/large/gb.png?size=100x65c&lossy=1&v=28",
        "cflag_visitor": "https://t.resfu.com/media/img/flags/st3/large/gb.png?size=100x65c&lossy=1&v=28",
        "local_shield": "https://t.resfu.com/img_data/escudos/medium/1689.jpg?size=60x&lossy=1&v=28",
        "visitor_shield": "https://t.resfu.com/img_data/escudos/medium/2429.jpg?size=60x&lossy=1&v=28",
        "date": "2023/03/14",
        "hour": "21",
        "minute": "00",
        "result": "x-x",
        "live_minute": "",
        "status": -1,
        "winner": 0,
        "channels": []
      },
      {
        "id": "528253",
        "round": "1",
        "local": "Man. City",
        "group_code": "",
        "total_group": "8",
        "visitor": "RB Leipzig",
        "competition_name": "Champions League",
        "league_id": "70393",
        "extraName": "",
        "conference": "",
        "category_id": "107",
        "logo": "https://t.resfu.com/media/img/league_logos/champions.png?size=120x&lossy=1&v=28",
        "team1": "6558823",
        "team2": "6558829",
        "dteam1": "1633",
        "dteam2": "9750",
        "local_abbr": "MAC",
        "visitor_abbr": "RBL",
        "numc": "0",
        "year": "2023",
        "playoffs": false,
        "coef": "80.000",
        "penaltis1": "",
        "penaltis2": "",
        "no_hour": false,
        "extraTxt": "En 6 horas",
        "cflag": "https://t.resfu.com/media/img/flags/st3/large/ue.png?size=100x65c&lossy=1&v=28",
        "cflag_local": "https://t.resfu.com/media/img/flags/st3/large/gb.png?size=100x65c&lossy=1&v=28",
        "cflag_visitor": "https://t.resfu.com/media/img/flags/st3/large/de.png?size=100x65c&lossy=1&v=28",
        "local_shield": "https://t.resfu.com/img_data/escudos/medium/1633.jpg?size=60x&lossy=1&v=28",
        "visitor_shield": "https://t.resfu.com/img_data/escudos/medium/9750.jpg?size=60x&lossy=1&v=28",
        "date": "2023/03/14",
        "hour": "21",
        "minute": "00",
        "result": "x-x",
        "live_minute": "",
        "status": -1,
        "winner": 0,
        "channels": []
      },
      {
        "id": "528265",
        "round": "1",
        "local": "Porto",
        "group_code": "",
        "total_group": "8",
        "visitor": "Inter",
        "competition_name": "Champions League",
        "league_id": "70393",
        "extraName": "",
        "conference": "",
        "category_id": "107",
        "logo": "https://t.resfu.com/media/img/league_logos/champions.png?size=120x&lossy=1&v=28",
        "team1": "6558825",
        "team2": "6558821",
        "dteam1": "1095",
        "dteam2": "1381",
        "local_abbr": "FCP",
        "visitor_abbr": "INT",
        "numc": "0",
        "year": "2023",
        "playoffs": false,
        "coef": "80.000",
        "penaltis1": "",
        "penaltis2": "",
        "no_hour": false,
        "extraTxt": "En 6 horas",
        "cflag": "https://t.resfu.com/media/img/flags/st3/large/ue.png?size=100x65c&lossy=1&v=28",
        "cflag_local": "https://t.resfu.com/media/img/flags/st3/large/pt.png?size=100x65c&lossy=1&v=28",
        "cflag_visitor": "https://t.resfu.com/media/img/flags/st3/large/it.png?size=100x65c&lossy=1&v=28",
        "local_shield": "https://t.resfu.com/img_data/escudos/medium/1095.jpg?size=60x&lossy=1&v=28",
        "visitor_shield": "https://t.resfu.com/img_data/escudos/medium/1381.jpg?size=60x&lossy=1&v=28",
        "date": "2023/03/14",
        "hour": "21",
        "minute": "00",
        "result": "x-x",
        "live_minute": "",
        "status": -1,
        "winner": 0,
        "channels": []
      },
      {
        "id": "526460",
        "round": "7",
        "local": "Vélez Sarsfield",
        "group_code": "1",
        "total_group": "1",
        "visitor": "Platense",
        "competition_name": "Liga Profesional Argentina",
        "league_id": "70411",
        "extraName": "",
        "conference": "",
        "category_id": "675",
        "logo": "https://t.resfu.com/media/img/league_logos/primera_argentina.png?size=120x&lossy=1&v=28",
        "team1": "6559173",
        "team2": "6559165",
        "dteam1": "600",
        "dteam2": "9691",
        "local_abbr": "VEL",
        "visitor_abbr": "PLA",
        "numc": "0",
        "year": "2023",
        "playoffs": false,
        "coef": "45.000",
        "penaltis1": "",
        "penaltis2": "",
        "no_hour": false,
        "extraTxt": "Hace 11 horas",
        "cflag": "https://t.resfu.com/media/img/flags/st3/large/ar.png?size=100x65c&lossy=1&v=28",
        "cflag_local": "https://t.resfu.com/media/img/flags/st3/large/ar.png?size=100x65c&lossy=1&v=28",
        "cflag_visitor": "https://t.resfu.com/media/img/flags/st3/large/ar.png?size=100x65c&lossy=1&v=28",
        "local_shield": "https://t.resfu.com/img_data/escudos/medium/600.jpg?size=60x&lossy=1&v=28",
        "visitor_shield": "https://t.resfu.com/img_data/escudos/medium/9691.jpg?size=60x&lossy=1&v=28",
        "date": "2023/03/14",
        "hour": "01",
        "minute": "00",
        "result": "1-1",
        "live_minute": "",
        "status": 1,
        "winner": 0,
        "channels": []
      },
      {
        "id": "526456",
        "round": "7",
        "local": "Colón",
        "group_code": "1",
        "total_group": "1",
        "visitor": "Newell's Old Boys",
        "competition_name": "Liga Profesional Argentina",
        "league_id": "70411",
        "extraName": "",
        "conference": "",
        "category_id": "675",
        "logo": "https://t.resfu.com/media/img/league_logos/primera_argentina.png?size=120x&lossy=1&v=28",
        "team1": "6559157",
        "team2": "6559164",
        "dteam1": "815",
        "dteam2": "4344",
        "local_abbr": "COL",
        "visitor_abbr": "NOB",
        "numc": "0",
        "year": "2023",
        "playoffs": false,
        "coef": "45.000",
        "penaltis1": "",
        "penaltis2": "",
        "no_hour": false,
        "extraTxt": "Hace 11 horas",
        "cflag": "https://t.resfu.com/media/img/flags/st3/large/ar.png?size=100x65c&lossy=1&v=28",
        "cflag_local": "https://t.resfu.com/media/img/flags/st3/large/ar.png?size=100x65c&lossy=1&v=28",
        "cflag_visitor": "https://t.resfu.com/media/img/flags/st3/large/ar.png?size=100x65c&lossy=1&v=28",
        "local_shield": "https://t.resfu.com/img_data/escudos/medium/815.jpg?size=60x&lossy=1&v=28",
        "visitor_shield": "https://t.resfu.com/img_data/escudos/medium/4344.jpg?size=60x&lossy=1&v=28",
        "date": "2023/03/14",
        "hour": "01",
        "minute": "00",
        "result": "1-1",
        "live_minute": "",
        "status": 1,
        "winner": 0,
        "channels": []
      },
      {
        "id": "638670",
        "round": "8",
        "local": "Once Caldas",
        "group_code": "1",
        "total_group": "1",
        "visitor": "Deportivo Pasto",
        "competition_name": "Apertura Colombia",
        "league_id": "70737",
        "extraName": "",
        "conference": "",
        "category_id": "42",
        "logo": "https://t.resfu.com/media/img/league_logos/liga_aguila.png?size=120x&lossy=1&v=28",
        "team1": "6563437",
        "team2": "6563429",
        "dteam1": "1868",
        "dteam2": "5944",
        "local_abbr": "ONC",
        "visitor_abbr": "PAS",
        "numc": "0",
        "year": "2023",
        "playoffs": false,
        "coef": "40.000",
        "penaltis1": "",
        "penaltis2": "",
        "no_hour": false,
        "extraTxt": "Hace 10 horas",
        "cflag": "https://t.resfu.com/media/img/flags/st3/large/co.png?size=100x65c&lossy=1&v=28",
        "cflag_local": "https://t.resfu.com/media/img/flags/st3/large/co.png?size=100x65c&lossy=1&v=28",
        "cflag_visitor": "https://t.resfu.com/media/img/flags/st3/large/co.png?size=100x65c&lossy=1&v=28",
        "local_shield": "https://t.resfu.com/img_data/escudos/medium/1868.jpg?size=60x&lossy=1&v=28",
        "visitor_shield": "https://t.resfu.com/img_data/escudos/medium/5944.jpg?size=60x&lossy=1&v=28",
        "date": "2023/03/14",
        "hour": "02",
        "minute": "10",
        "result": "0-1",
        "live_minute": "",
        "status": 1,
        "winner": "6563429",
        "channels": []
      },
      {
        "id": "603579",
        "round": "8",
        "local": "Audax Italiano",
        "group_code": "1",
        "total_group": "1",
        "visitor": "O'Higgins",
        "competition_name": "Primera Chile",
        "league_id": "70762",
        "extraName": "",
        "conference": "",
        "category_id": "1780",
        "logo": "https://t.resfu.com/media/img/league_logos/chile.png?size=120x&lossy=1&v=28",
        "team1": "6563723",
        "team2": "6563733",
        "dteam1": "390",
        "dteam2": "9948",
        "local_abbr": "ACS",
        "visitor_abbr": "OHI",
        "numc": "0",
        "year": "2023",
        "playoffs": false,
        "coef": "33.000",
        "penaltis1": "",
        "penaltis2": "",
        "no_hour": false,
        "extraTxt": "Hace 12 horas",
        "cflag": "https://t.resfu.com/media/img/flags/st3/large/cl.png?size=100x65c&lossy=1&v=28",
        "cflag_local": "https://t.resfu.com/media/img/flags/st3/large/cl.png?size=100x65c&lossy=1&v=28",
        "cflag_visitor": "https://t.resfu.com/media/img/flags/st3/large/cl.png?size=100x65c&lossy=1&v=28",
        "local_shield": "https://t.resfu.com/img_data/escudos/medium/390.jpg?size=60x&lossy=1&v=28",
        "visitor_shield": "https://t.resfu.com/img_data/escudos/medium/9948.jpg?size=60x&lossy=1&v=28",
        "date": "2023/03/14",
        "hour": "00",
        "minute": "30",
        "result": "2-2",
        "live_minute": "",
        "status": 1,
        "winner": 0,
        "channels": []
      },
      {
        "id": "603582",
        "round": "8",
        "local": "Coquimbo Unido",
        "group_code": "1",
        "total_group": "1",
        "visitor": "Cobresal",
        "competition_name": "Primera Chile",
        "league_id": "70762",
        "extraName": "",
        "conference": "",
        "category_id": "1780",
        "logo": "https://t.resfu.com/media/img/league_logos/chile.png?size=120x&lossy=1&v=28",
        "team1": "6563727",
        "team2": "6563724",
        "dteam1": "9139",
        "dteam2": "9951",
        "local_abbr": "COQ",
        "visitor_abbr": "CSL",
        "numc": "0",
        "year": "2023",
        "playoffs": false,
        "coef": "33.000",
        "penaltis1": "",
        "penaltis2": "",
        "no_hour": false,
        "extraTxt": "Hace 12 horas",
        "cflag": "https://t.resfu.com/media/img/flags/st3/large/cl.png?size=100x65c&lossy=1&v=28",
        "cflag_local": "https://t.resfu.com/media/img/flags/st3/large/cl.png?size=100x65c&lossy=1&v=28",
        "cflag_visitor": "https://t.resfu.com/media/img/flags/st3/large/cl.png?size=100x65c&lossy=1&v=28",
        "local_shield": "https://t.resfu.com/img_data/escudos/medium/9139.jpg?size=60x&lossy=1&v=28",
        "visitor_shield": "https://t.resfu.com/img_data/escudos/medium/9951.jpg?size=60x&lossy=1&v=28",
        "date": "2023/03/14",
        "hour": "00",
        "minute": "30",
        "result": "2-1",
        "live_minute": "",
        "status": 1,
        "winner": "6563727",
        "channels": []
      },
      {
        "id": "768696",
        "round": "225",
        "local": "Brommapojkarna",
        "group_code": "1",
        "total_group": "1",
        "visitor": "IK Brage",
        "competition_name": "Partidos Amistosos",
        "league_id": "67320",
        "extraName": "",
        "conference": "",
        "category_id": "153",
        "logo": "https://t.resfu.com/media/img/league_logos/amistoso.png?size=120x&lossy=1&v=28",
        "team1": "6563768",
        "team2": "6566001",
        "dteam1": "3051",
        "dteam2": "12826",
        "local_abbr": "BRO",
        "visitor_abbr": "IKB",
        "numc": "0",
        "year": "2023",
        "playoffs": false,
        "coef": "32.000",
        "penaltis1": "",
        "penaltis2": "",
        "no_hour": false,
        "extraTxt": "",
        "cflag": "https://t.resfu.com/media/img/flags/st3/large/wo.png?size=100x65c&lossy=1&v=28",
        "cflag_local": "https://t.resfu.com/media/img/flags/st3/large/se.png?size=100x65c&lossy=1&v=28",
        "cflag_visitor": "https://t.resfu.com/media/img/flags/st3/large/se.png?size=100x65c&lossy=1&v=28",
        "local_shield": "https://t.resfu.com/img_data/escudos/medium/3051.jpg?size=60x&lossy=1&v=28",
        "visitor_shield": "https://t.resfu.com/img_data/escudos/medium/12826.jpg?size=60x&lossy=1&v=28",
        "date": "2023/03/14",
        "hour": "14",
        "minute": "00",
        "result": "0-0",
        "live_minute": "13",
        "status": 0,
        "winner": 0,
        "channels": []
      },
      {
        "id": "745657",
        "round": "225",
        "local": "FC Honka",
        "group_code": "1",
        "total_group": "1",
        "visitor": "Grorud IL",
        "competition_name": "Partidos Amistosos",
        "league_id": "67320",
        "extraName": "",
        "conference": "",
        "category_id": "153",
        "logo": "https://t.resfu.com/media/img/league_logos/amistoso.png?size=120x&lossy=1&v=28",
        "team1": "6566016",
        "team2": "6563781",
        "dteam1": "1071",
        "dteam2": "12774",
        "local_abbr": "HON",
        "visitor_abbr": "GRO",
        "numc": "0",
        "year": "2023",
        "playoffs": false,
        "coef": "32.000",
        "penaltis1": "",
        "penaltis2": "",
        "no_hour": false,
        "extraTxt": "En 39 minutos",
        "cflag": "https://t.resfu.com/media/img/flags/st3/large/wo.png?size=100x65c&lossy=1&v=28",
        "cflag_local": "https://t.resfu.com/media/img/flags/st3/large/fi.png?size=100x65c&lossy=1&v=28",
        "cflag_visitor": "https://t.resfu.com/media/img/flags/st3/large/no.png?size=100x65c&lossy=1&v=28",
        "local_shield": "https://t.resfu.com/img_data/escudos/medium/1071.jpg?size=60x&lossy=1&v=28",
        "visitor_shield": "https://t.resfu.com/img_data/escudos/medium/12774.jpg?size=60x&lossy=1&v=28",
        "date": "2023/03/14",
        "hour": "15",
        "minute": "00",
        "result": "x-x",
        "live_minute": "",
        "status": -1,
        "winner": 0,
        "channels": []
      },
      {
        "id": "770061",
        "round": "225",
        "local": "Břeclav",
        "group_code": "1",
        "total_group": "1",
        "visitor": "Bzenec",
        "competition_name": "Partidos Amistosos",
        "league_id": "67320",
        "extraName": "",
        "conference": "",
        "category_id": "153",
        "logo": "https://t.resfu.com/media/img/league_logos/amistoso.png?size=120x&lossy=1&v=28",
        "team1": "6568964",
        "team2": "6570937",
        "dteam1": "30961",
        "dteam2": "89376",
        "local_abbr": "BEC",
        "visitor_abbr": "BZE",
        "numc": "0",
        "year": "2023",
        "playoffs": false,
        "coef": "32.000",
        "penaltis1": "",
        "penaltis2": "",
        "no_hour": false,
        "extraTxt": "En 2 horas",
        "cflag": "https://t.resfu.com/media/img/flags/st3/large/wo.png?size=100x65c&lossy=1&v=28",
        "cflag_local": "https://t.resfu.com/media/img/flags/st3/large/cz.png?size=100x65c&lossy=1&v=28",
        "cflag_visitor": "https://t.resfu.com/media/img/flags/st3/large/cz.png?size=100x65c&lossy=1&v=28",
        "local_shield": "https://t.resfu.com/img_data/escudos/medium/30961.jpg?size=60x&lossy=1&v=28",
        "visitor_shield": "https://t.resfu.com/img_data/escudos/medium/89376.jpg?size=60x&lossy=1&v=28",
        "date": "2023/03/14",
        "hour": "16",
        "minute": "45",
        "result": "x-x",
        "live_minute": "",
        "status": -1,
        "winner": 0,
        "channels": []
      },
      {
        "id": "763712",
        "round": "2",
        "local": "Akron Tolyatti",
        "group_code": "4",
        "total_group": "4",
        "visitor": "Lokomotiv Moskva",
        "competition_name": "Copa Rusa",
        "league_id": "70670",
        "extraName": "Ruta Regiones - Eliminatorias",
        "conference": "",
        "category_id": "602",
        "logo": "https://t.resfu.com/media/img/league_logos/coparusa.png?size=120x&lossy=1&v=28",
        "team1": "6562375",
        "team2": "6570794",
        "dteam1": "121141",
        "dteam2": "1581",
        "local_abbr": "AKT",
        "visitor_abbr": "LOK",
        "numc": "0",
        "year": "2023",
        "playoffs": false,
        "coef": "28.800",
        "penaltis1": "",
        "penaltis2": "",
        "no_hour": false,
        "extraTxt": "En 1 hora",
        "cflag": "https://t.resfu.com/media/img/flags/st3/large/ru.png?size=100x65c&lossy=1&v=28",
        "cflag_local": "https://t.resfu.com/media/img/flags/st3/large/ru.png?size=100x65c&lossy=1&v=28",
        "cflag_visitor": "https://t.resfu.com/media/img/flags/st3/large/ru.png?size=100x65c&lossy=1&v=28",
        "local_shield": "https://t.resfu.com/img_data/escudos/medium/121141.jpg?size=60x&lossy=1&v=28",
        "visitor_shield": "https://t.resfu.com/img_data/escudos/medium/1581.jpg?size=60x&lossy=1&v=28",
        "date": "2023/03/14",
        "hour": "15",
        "minute": "30",
        "result": "x-x",
        "live_minute": "",
        "status": -1,
        "winner": 0,
        "channels": []
      },
      {
        "id": "759095",
        "round": "2",
        "local": "Spartak Moskva",
        "group_code": "3",
        "total_group": "4",
        "visitor": "Ural Yekaterinburg",
        "competition_name": "Copa Rusa",
        "league_id": "70669",
        "extraName": "Premier League - Eliminatorias",
        "conference": "",
        "category_id": "602",
        "logo": "https://t.resfu.com/media/img/league_logos/coparusa.png?size=120x&lossy=1&v=28",
        "team1": "6562372",
        "team2": "6562373",
        "dteam1": "2379",
        "dteam2": "11770",
        "local_abbr": "SPA",
        "visitor_abbr": "URA",
        "numc": "0",
        "year": "2023",
        "playoffs": false,
        "coef": "28.800",
        "penaltis1": "",
        "penaltis2": "",
        "no_hour": false,
        "extraTxt": "En 3 horas",
        "cflag": "https://t.resfu.com/media/img/flags/st3/large/ru.png?size=100x65c&lossy=1&v=28",
        "cflag_local": "https://t.resfu.com/media/img/flags/st3/large/ru.png?size=100x65c&lossy=1&v=28",
        "cflag_visitor": "https://t.resfu.com/media/img/flags/st3/large/ru.png?size=100x65c&lossy=1&v=28",
        "local_shield": "https://t.resfu.com/img_data/escudos/medium/2379.jpg?size=60x&lossy=1&v=28",
        "visitor_shield": "https://t.resfu.com/img_data/escudos/medium/11770.jpg?size=60x&lossy=1&v=28",
        "date": "2023/03/14",
        "hour": "18",
        "minute": "00",
        "result": "x-x",
        "live_minute": "",
        "status": -1,
        "winner": 0,
        "channels": []
      },
      {
        "id": "754872",
        "round": "5",
        "local": "Sporting CP Sub 19",
        "group_code": "",
        "total_group": "8",
        "visitor": "Liverpool Sub 19",
        "competition_name": "UEFA Youth League",
        "league_id": "69260",
        "extraName": "",
        "conference": "",
        "category_id": "529",
        "logo": "https://t.resfu.com/media/img/league_logos/uefa_youth_league.png?size=120x&lossy=1&v=28",
        "team1": "6568918",
        "team2": "6568913",
        "dteam1": "93047",
        "dteam2": "19469",
        "local_abbr": "SPO",
        "visitor_abbr": "LIV",
        "numc": "0",
        "year": "2023",
        "playoffs": false,
        "coef": "26.667",
        "penaltis1": "",
        "penaltis2": "",
        "no_hour": false,
        "extraTxt": "",
        "cflag": "https://t.resfu.com/media/img/flags/st3/large/ue.png?size=100x65c&lossy=1&v=28",
        "cflag_local": "https://t.resfu.com/media/img/flags/st3/large/pt.png?size=100x65c&lossy=1&v=28",
        "cflag_visitor": "https://t.resfu.com/media/img/flags/st3/large/gb.png?size=100x65c&lossy=1&v=28",
        "local_shield": "https://t.resfu.com/img_data/escudos/medium/93047.jpg?size=60x&lossy=1&v=28",
        "visitor_shield": "https://t.resfu.com/img_data/escudos/medium/19469.jpg?size=60x&lossy=1&v=28",
        "date": "2023/03/14",
        "hour": "14",
        "minute": "00",
        "result": "0-0",
        "live_minute": "18",
        "status": 0,
        "winner": 0,
        "channels": []
      },
      {
        "id": "754871",
        "round": "5",
        "local": "Milan Sub 19",
        "group_code": "",
        "total_group": "8",
        "visitor": "Atlético Sub 19",
        "competition_name": "UEFA Youth League",
        "league_id": "69260",
        "extraName": "",
        "conference": "",
        "category_id": "529",
        "logo": "https://t.resfu.com/media/img/league_logos/uefa_youth_league.png?size=120x&lossy=1&v=28",
        "team1": "6568915",
        "team2": "6568911",
        "dteam1": "16076",
        "dteam2": "4895",
        "local_abbr": "MIL",
        "visitor_abbr": "ATM",
        "numc": "0",
        "year": "2023",
        "playoffs": false,
        "coef": "26.667",
        "penaltis1": "",
        "penaltis2": "",
        "no_hour": false,
        "extraTxt": "En 1 hora",
        "cflag": "https://t.resfu.com/media/img/flags/st3/large/ue.png?size=100x65c&lossy=1&v=28",
        "cflag_local": "https://t.resfu.com/media/img/flags/st3/large/it.png?size=100x65c&lossy=1&v=28",
        "cflag_visitor": "https://t.resfu.com/media/img/flags/st3/large/es.png?size=100x65c&lossy=1&v=28",
        "local_shield": "https://t.resfu.com/img_data/escudos/medium/16076.jpg?size=60x&lossy=1&v=28",
        "visitor_shield": "https://t.resfu.com/img_data/escudos/medium/4895.jpg?size=60x&lossy=1&v=28",
        "date": "2023/03/14",
        "hour": "16",
        "minute": "00",
        "result": "x-x",
        "live_minute": "",
        "status": -1,
        "winner": 0,
        "channels": []
      },
      {
        "id": "26115",
        "round": "23",
        "local": "Paris FC",
        "group_code": "1",
        "total_group": "1",
        "visitor": "Amiens SC",
        "competition_name": "Ligue 2",
        "league_id": "67946",
        "extraName": "",
        "conference": "",
        "category_id": "92",
        "logo": "https://t.resfu.com/media/img/league_logos/ligue2.png?size=120x&lossy=1&v=28",
        "team1": "6518980",
        "team2": "6518971",
        "dteam1": "1925",
        "dteam2": "209",
        "local_abbr": "PFC",
        "visitor_abbr": "AMI",
        "numc": "0",
        "year": "2023",
        "playoffs": false,
        "coef": "26.500",
        "penaltis1": "",
        "penaltis2": "",
        "no_hour": false,
        "extraTxt": "En 4 horas",
        "cflag": "https://t.resfu.com/media/img/flags/st3/large/fr.png?size=100x65c&lossy=1&v=28",
        "cflag_local": "https://t.resfu.com/media/img/flags/st3/large/fr.png?size=100x65c&lossy=1&v=28",
        "cflag_visitor": "https://t.resfu.com/media/img/flags/st3/large/fr.png?size=100x65c&lossy=1&v=28",
        "local_shield": "https://t.resfu.com/img_data/escudos/medium/1925.jpg?size=60x&lossy=1&v=28",
        "visitor_shield": "https://t.resfu.com/img_data/escudos/medium/209.jpg?size=60x&lossy=1&v=28",
        "date": "2023/03/14",
        "hour": "19",
        "minute": "00",
        "result": "x-x",
        "live_minute": "",
        "status": -1,
        "winner": 0,
        "channels": []
      },
      {
        "id": "46441",
        "round": "21",
        "local": "Morecambe",
        "group_code": "1",
        "total_group": "1",
        "visitor": "Charlton Athletic",
        "competition_name": "League One",
        "league_id": "68031",
        "extraName": "",
        "conference": "",
        "category_id": "87",
        "logo": "https://t.resfu.com/media/img/league_logos/league_one.png?size=120x&lossy=1&v=28",
        "team1": "6520355",
        "team2": "6520346",
        "dteam1": "9196",
        "dteam2": "751",
        "local_abbr": "MOR",
        "visitor_abbr": "CHA",
        "numc": "0",
        "year": "2023",
        "playoffs": false,
        "coef": "25.000",
        "penaltis1": "",
        "penaltis2": "",
        "no_hour": false,
        "extraTxt": "En 6 horas",
        "cflag": "https://t.resfu.com/media/img/flags/st3/large/gb.png?size=100x65c&lossy=1&v=28",
        "cflag_local": "https://t.resfu.com/media/img/flags/st3/large/gb.png?size=100x65c&lossy=1&v=28",
        "cflag_visitor": "https://t.resfu.com/media/img/flags/st3/large/gb.png?size=100x65c&lossy=1&v=28",
        "local_shield": "https://t.resfu.com/img_data/escudos/medium/9196.jpg?size=60x&lossy=1&v=28",
        "visitor_shield": "https://t.resfu.com/img_data/escudos/medium/751.jpg?size=60x&lossy=1&v=28",
        "date": "2023/03/14",
        "hour": "20",
        "minute": "45",
        "result": "x-x",
        "live_minute": "",
        "status": -1,
        "winner": 0,
        "channels": []
      },
      {
        "id": "46494",
        "round": "26",
        "local": "Burton Albion",
        "group_code": "1",
        "total_group": "1",
        "visitor": "Peterborough United",
        "competition_name": "League One",
        "league_id": "68031",
        "extraName": "",
        "conference": "",
        "category_id": "87",
        "logo": "https://t.resfu.com/media/img/league_logos/league_one.png?size=120x&lossy=1&v=28",
        "team1": "6520344",
        "team2": "6520357",
        "dteam1": "4443",
        "dteam2": "5653",
        "local_abbr": "BUR",
        "visitor_abbr": "POS",
        "numc": "0",
        "year": "2023",
        "playoffs": false,
        "coef": "25.000",
        "penaltis1": "",
        "penaltis2": "",
        "no_hour": false,
        "extraTxt": "En 6 horas",
        "cflag": "https://t.resfu.com/media/img/flags/st3/large/gb.png?size=100x65c&lossy=1&v=28",
        "cflag_local": "https://t.resfu.com/media/img/flags/st3/large/gb.png?size=100x65c&lossy=1&v=28",
        "cflag_visitor": "https://t.resfu.com/media/img/flags/st3/large/gb.png?size=100x65c&lossy=1&v=28",
        "local_shield": "https://t.resfu.com/img_data/escudos/medium/4443.jpg?size=60x&lossy=1&v=28",
        "visitor_shield": "https://t.resfu.com/img_data/escudos/medium/5653.jpg?size=60x&lossy=1&v=28",
        "date": "2023/03/14",
        "hour": "20",
        "minute": "45",
        "result": "x-x",
        "live_minute": "",
        "status": -1,
        "winner": 0,
        "channels": []
      },
      {
        "id": "46517",
        "round": "28",
        "local": "Bristol Rovers",
        "group_code": "1",
        "total_group": "1",
        "visitor": "Wycombe Wanderers",
        "competition_name": "League One",
        "league_id": "68031",
        "extraName": "",
        "conference": "",
        "category_id": "87",
        "logo": "https://t.resfu.com/media/img/league_logos/league_one.png?size=120x&lossy=1&v=28",
        "team1": "6520345",
        "team2": "6520363",
        "dteam1": "9199",
        "dteam2": "9204",
        "local_abbr": "BRO",
        "visitor_abbr": "WYC",
        "numc": "0",
        "year": "2023",
        "playoffs": false,
        "coef": "25.000",
        "penaltis1": "",
        "penaltis2": "",
        "no_hour": false,
        "extraTxt": "En 6 horas",
        "cflag": "https://t.resfu.com/media/img/flags/st3/large/gb.png?size=100x65c&lossy=1&v=28",
        "cflag_local": "https://t.resfu.com/media/img/flags/st3/large/gb.png?size=100x65c&lossy=1&v=28",
        "cflag_visitor": "https://t.resfu.com/media/img/flags/st3/large/gb.png?size=100x65c&lossy=1&v=28",
        "local_shield": "https://t.resfu.com/img_data/escudos/medium/9199.jpg?size=60x&lossy=1&v=28",
        "visitor_shield": "https://t.resfu.com/img_data/escudos/medium/9204.jpg?size=60x&lossy=1&v=28",
        "date": "2023/03/14",
        "hour": "20",
        "minute": "45",
        "result": "x-x",
        "live_minute": "",
        "status": -1,
        "winner": 0,
        "channels": []
      },
      {
        "id": "46432",
        "round": "21",
        "local": "Accrington Stanley",
        "group_code": "1",
        "total_group": "1",
        "visitor": "Portsmouth",
        "competition_name": "League One",
        "league_id": "68031",
        "extraName": "",
        "conference": "",
        "category_id": "87",
        "logo": "https://t.resfu.com/media/img/league_logos/league_one.png?size=120x&lossy=1&v=28",
        "team1": "6520342",
        "team2": "6520360",
        "dteam1": "9198",
        "dteam2": "2004",
        "local_abbr": "STA",
        "visitor_abbr": "OPA",
        "numc": "0",
        "year": "2023",
        "playoffs": false,
        "coef": "25.000",
        "penaltis1": "",
        "penaltis2": "",
        "no_hour": false,
        "extraTxt": "En 6 horas",
        "cflag": "https://t.resfu.com/media/img/flags/st3/large/gb.png?size=100x65c&lossy=1&v=28",
        "cflag_local": "https://t.resfu.com/media/img/flags/st3/large/gb.png?size=100x65c&lossy=1&v=28",
        "cflag_visitor": "https://t.resfu.com/media/img/flags/st3/large/gb.png?size=100x65c&lossy=1&v=28",
        "local_shield": "https://t.resfu.com/img_data/escudos/medium/9198.jpg?size=60x&lossy=1&v=28",
        "visitor_shield": "https://t.resfu.com/img_data/escudos/medium/2004.jpg?size=60x&lossy=1&v=28",
        "date": "2023/03/14",
        "hour": "20",
        "minute": "45",
        "result": "x-x",
        "live_minute": "",
        "status": -1,
        "winner": 0,
        "channels": []
      },
      {
        "id": "656720",
        "round": "5",
        "local": "Aldosivi",
        "group_code": "2",
        "total_group": "2",
        "visitor": "Atlético Mitre SdE",
        "competition_name": "Primera Nacional",
        "league_id": "70827",
        "extraName": "Grupo B",
        "conference": "",
        "category_id": "192",
        "logo": "https://t.resfu.com/media/img/league_logos/primera_nacional.png?size=120x&lossy=1&v=28",
        "team1": "6564725",
        "team2": "6564738",
        "dteam1": "5902",
        "dteam2": "16450",
        "local_abbr": "ALD",
        "visitor_abbr": "MIT",
        "numc": "0",
        "year": "2023",
        "playoffs": false,
        "coef": "22.500",
        "penaltis1": "",
        "penaltis2": "",
        "no_hour": false,
        "extraTxt": "Hace 11 horas",
        "cflag": "https://t.resfu.com/media/img/flags/st3/large/ar.png?size=100x65c&lossy=1&v=28",
        "cflag_local": "https://t.resfu.com/media/img/flags/st3/large/ar.png?size=100x65c&lossy=1&v=28",
        "cflag_visitor": "https://t.resfu.com/media/img/flags/st3/large/ar.png?size=100x65c&lossy=1&v=28",
        "local_shield": "https://t.resfu.com/img_data/escudos/medium/5902.jpg?size=60x&lossy=1&v=28",
        "visitor_shield": "https://t.resfu.com/img_data/escudos/medium/16450.jpg?size=60x&lossy=1&v=28",
        "date": "2023/03/14",
        "hour": "01",
        "minute": "10",
        "result": "3-1",
        "live_minute": "",
        "status": 1,
        "winner": "6564725",
        "channels": []
      },
      {
        "id": "366789",
        "round": "32",
        "local": "San Donato Tavarnelle",
        "group_code": "2",
        "total_group": "3",
        "visitor": "Olbia Calcio",
        "competition_name": "Serie C",
        "league_id": "68592",
        "extraName": "Grupo B",
        "conference": "",
        "category_id": "90",
        "logo": "https://t.resfu.com/media/img/league_logos/lega_pro.png?size=120x&lossy=1&v=28",
        "team1": "6532368",
        "team2": "6532361",
        "dteam1": "24974",
        "dteam2": "1849",
        "local_abbr": "SDT",
        "visitor_abbr": "OLB",
        "numc": "0",
        "year": "2023",
        "playoffs": false,
        "coef": "20.000",
        "penaltis1": "",
        "penaltis2": "",
        "no_hour": false,
        "extraTxt": "En 9 minutos",
        "cflag": "https://t.resfu.com/media/img/flags/st3/large/it.png?size=100x65c&lossy=1&v=28",
        "cflag_local": "https://t.resfu.com/media/img/flags/st3/large/it.png?size=100x65c&lossy=1&v=28",
        "cflag_visitor": "https://t.resfu.com/media/img/flags/st3/large/it.png?size=100x65c&lossy=1&v=28",
        "local_shield": "https://t.resfu.com/img_data/escudos/medium/24974.jpg?size=60x&lossy=1&v=28",
        "visitor_shield": "https://t.resfu.com/img_data/escudos/medium/1849.jpg?size=60x&lossy=1&v=28",
        "date": "2023/03/14",
        "hour": "14",
        "minute": "30",
        "result": "x-x",
        "live_minute": "",
        "status": -1,
        "winner": 0,
        "channels": []
      },
      {
        "id": "366791",
        "round": "32",
        "local": "Pontedera",
        "group_code": "2",
        "total_group": "3",
        "visitor": "Reggiana",
        "competition_name": "Serie C",
        "league_id": "68592",
        "extraName": "Grupo B",
        "conference": "",
        "category_id": "90",
        "logo": "https://t.resfu.com/media/img/league_logos/lega_pro.png?size=120x&lossy=1&v=28",
        "team1": "6532362",
        "team2": "6532366",
        "dteam1": "6910",
        "dteam2": "52",
        "local_abbr": "PON",
        "visitor_abbr": "REG",
        "numc": "0",
        "year": "2023",
        "playoffs": false,
        "coef": "20.000",
        "penaltis1": "",
        "penaltis2": "",
        "no_hour": false,
        "extraTxt": "En 3 horas",
        "cflag": "https://t.resfu.com/media/img/flags/st3/large/it.png?size=100x65c&lossy=1&v=28",
        "cflag_local": "https://t.resfu.com/media/img/flags/st3/large/it.png?size=100x65c&lossy=1&v=28",
        "cflag_visitor": "https://t.resfu.com/media/img/flags/st3/large/it.png?size=100x65c&lossy=1&v=28",
        "local_shield": "https://t.resfu.com/img_data/escudos/medium/6910.jpg?size=60x&lossy=1&v=28",
        "visitor_shield": "https://t.resfu.com/img_data/escudos/medium/52.jpg?size=60x&lossy=1&v=28",
        "date": "2023/03/14",
        "hour": "18",
        "minute": "00",
        "result": "x-x",
        "live_minute": "",
        "status": -1,
        "winner": 0,
        "channels": []
      },
      {
        "id": "366786",
        "round": "32",
        "local": "Imolese",
        "group_code": "2",
        "total_group": "3",
        "visitor": "Ancona",
        "competition_name": "Serie C",
        "league_id": "68592",
        "extraName": "Grupo B",
        "conference": "",
        "category_id": "90",
        "logo": "https://t.resfu.com/media/img/league_logos/lega_pro.png?size=120x&lossy=1&v=28",
        "team1": "6532359",
        "team2": "6532404",
        "dteam1": "24969",
        "dteam2": "217",
        "local_abbr": "IMO",
        "visitor_abbr": "ANC",
        "numc": "0",
        "year": "2023",
        "playoffs": false,
        "coef": "20.000",
        "penaltis1": "",
        "penaltis2": "",
        "no_hour": false,
        "extraTxt": "En 3 horas",
        "cflag": "https://t.resfu.com/media/img/flags/st3/large/it.png?size=100x65c&lossy=1&v=28",
        "cflag_local": "https://t.resfu.com/media/img/flags/st3/large/it.png?size=100x65c&lossy=1&v=28",
        "cflag_visitor": "https://t.resfu.com/media/img/flags/st3/large/it.png?size=100x65c&lossy=1&v=28",
        "local_shield": "https://t.resfu.com/img_data/escudos/medium/24969.jpg?size=60x&lossy=1&v=28",
        "visitor_shield": "https://t.resfu.com/img_data/escudos/medium/217.jpg?size=60x&lossy=1&v=28",
        "date": "2023/03/14",
        "hour": "18",
        "minute": "00",
        "result": "x-x",
        "live_minute": "",
        "status": -1,
        "winner": 0,
        "channels": []
      },
      {
        "id": "366784",
        "round": "32",
        "local": "Carrarese",
        "group_code": "2",
        "total_group": "3",
        "visitor": "Fiorenzuola",
        "competition_name": "Serie C",
        "league_id": "68592",
        "extraName": "Grupo B",
        "conference": "",
        "category_id": "90",
        "logo": "https://t.resfu.com/media/img/league_logos/lega_pro.png?size=120x&lossy=1&v=28",
        "team1": "6532354",
        "team2": "6532357",
        "dteam1": "642",
        "dteam2": "6860",
        "local_abbr": "CAR",
        "visitor_abbr": "FIO",
        "numc": "0",
        "year": "2023",
        "playoffs": false,
        "coef": "20.000",
        "penaltis1": "",
        "penaltis2": "",
        "no_hour": false,
        "extraTxt": "En 3 horas",
        "cflag": "https://t.resfu.com/media/img/flags/st3/large/it.png?size=100x65c&lossy=1&v=28",
        "cflag_local": "https://t.resfu.com/media/img/flags/st3/large/it.png?size=100x65c&lossy=1&v=28",
        "cflag_visitor": "https://t.resfu.com/media/img/flags/st3/large/it.png?size=100x65c&lossy=1&v=28",
        "local_shield": "https://t.resfu.com/img_data/escudos/medium/642.jpg?size=60x&lossy=1&v=28",
        "visitor_shield": "https://t.resfu.com/img_data/escudos/medium/6860.jpg?size=60x&lossy=1&v=28",
        "date": "2023/03/14",
        "hour": "18",
        "minute": "00",
        "result": "x-x",
        "live_minute": "",
        "status": -1,
        "winner": 0,
        "channels": []
      },
      {
        "id": "366783",
        "round": "32",
        "local": "US Alessandria",
        "group_code": "2",
        "total_group": "3",
        "visitor": "Fermana",
        "competition_name": "Serie C",
        "league_id": "68592",
        "extraName": "Grupo B",
        "conference": "",
        "category_id": "90",
        "logo": "https://t.resfu.com/media/img/league_logos/lega_pro.png?size=120x&lossy=1&v=28",
        "team1": "6532352",
        "team2": "6532356",
        "dteam1": "2621",
        "dteam2": "2818",
        "local_abbr": "USA",
        "visitor_abbr": "FER",
        "numc": "0",
        "year": "2023",
        "playoffs": false,
        "coef": "20.000",
        "penaltis1": "",
        "penaltis2": "",
        "no_hour": false,
        "extraTxt": "En 3 horas",
        "cflag": "https://t.resfu.com/media/img/flags/st3/large/it.png?size=100x65c&lossy=1&v=28",
        "cflag_local": "https://t.resfu.com/media/img/flags/st3/large/it.png?size=100x65c&lossy=1&v=28",
        "cflag_visitor": "https://t.resfu.com/media/img/flags/st3/large/it.png?size=100x65c&lossy=1&v=28",
        "local_shield": "https://t.resfu.com/img_data/escudos/medium/2621.jpg?size=60x&lossy=1&v=28",
        "visitor_shield": "https://t.resfu.com/img_data/escudos/medium/2818.jpg?size=60x&lossy=1&v=28",
        "date": "2023/03/14",
        "hour": "18",
        "minute": "00",
        "result": "x-x",
        "live_minute": "",
        "status": -1,
        "winner": 0,
        "channels": []
      },
      {
        "id": "366792",
        "round": "32",
        "local": "Vis Pesaro",
        "group_code": "2",
        "total_group": "3",
        "visitor": "Montevarchi Calcio",
        "competition_name": "Serie C",
        "league_id": "68592",
        "extraName": "Grupo B",
        "conference": "",
        "category_id": "90",
        "logo": "https://t.resfu.com/media/img/league_logos/lega_pro.png?size=120x&lossy=1&v=28",
        "team1": "6532376",
        "team2": "6532353",
        "dteam1": "2964",
        "dteam2": "83211",
        "local_abbr": "VIS",
        "visitor_abbr": "MON",
        "numc": "0",
        "year": "2023",
        "playoffs": false,
        "coef": "20.000",
        "penaltis1": "",
        "penaltis2": "",
        "no_hour": false,
        "extraTxt": "En 6 horas",
        "cflag": "https://t.resfu.com/media/img/flags/st3/large/it.png?size=100x65c&lossy=1&v=28",
        "cflag_local": "https://t.resfu.com/media/img/flags/st3/large/it.png?size=100x65c&lossy=1&v=28",
        "cflag_visitor": "https://t.resfu.com/media/img/flags/st3/large/it.png?size=100x65c&lossy=1&v=28",
        "local_shield": "https://t.resfu.com/img_data/escudos/medium/2964.jpg?size=60x&lossy=1&v=28",
        "visitor_shield": "https://t.resfu.com/img_data/escudos/medium/83211.jpg?size=60x&lossy=1&v=28",
        "date": "2023/03/14",
        "hour": "21",
        "minute": "00",
        "result": "x-x",
        "live_minute": "",
        "status": -1,
        "winner": 0,
        "channels": []
      },
      {
        "id": "366790",
        "round": "32",
        "local": "Sassari Torres",
        "group_code": "2",
        "total_group": "3",
        "visitor": "Rimini",
        "competition_name": "Serie C",
        "league_id": "68592",
        "extraName": "Grupo B",
        "conference": "",
        "category_id": "90",
        "logo": "https://t.resfu.com/media/img/league_logos/lega_pro.png?size=120x&lossy=1&v=28",
        "team1": "6532370",
        "team2": "6532367",
        "dteam1": "10744",
        "dteam2": "2161",
        "local_abbr": "SAS",
        "visitor_abbr": "RIM",
        "numc": "0",
        "year": "2023",
        "playoffs": false,
        "coef": "20.000",
        "penaltis1": "",
        "penaltis2": "",
        "no_hour": false,
        "extraTxt": "En 6 horas",
        "cflag": "https://t.resfu.com/media/img/flags/st3/large/it.png?size=100x65c&lossy=1&v=28",
        "cflag_local": "https://t.resfu.com/media/img/flags/st3/large/it.png?size=100x65c&lossy=1&v=28",
        "cflag_visitor": "https://t.resfu.com/media/img/flags/st3/large/it.png?size=100x65c&lossy=1&v=28",
        "local_shield": "https://t.resfu.com/img_data/escudos/medium/10744.jpg?size=60x&lossy=1&v=28",
        "visitor_shield": "https://t.resfu.com/img_data/escudos/medium/2161.jpg?size=60x&lossy=1&v=28",
        "date": "2023/03/14",
        "hour": "21",
        "minute": "00",
        "result": "x-x",
        "live_minute": "",
        "status": -1,
        "winner": 0,
        "channels": []
      },
      {
        "id": "366788",
        "round": "32",
        "local": "Recanatese",
        "group_code": "2",
        "total_group": "3",
        "visitor": "AS Gubbio 1910",
        "competition_name": "Serie C",
        "league_id": "68592",
        "extraName": "Grupo B",
        "conference": "",
        "category_id": "90",
        "logo": "https://t.resfu.com/media/img/league_logos/lega_pro.png?size=120x&lossy=1&v=28",
        "team1": "6532364",
        "team2": "6532358",
        "dteam1": "6928",
        "dteam2": "277",
        "local_abbr": "REC",
        "visitor_abbr": "ASG",
        "numc": "0",
        "year": "2023",
        "playoffs": false,
        "coef": "20.000",
        "penaltis1": "",
        "penaltis2": "",
        "no_hour": false,
        "extraTxt": "En 6 horas",
        "cflag": "https://t.resfu.com/media/img/flags/st3/large/it.png?size=100x65c&lossy=1&v=28",
        "cflag_local": "https://t.resfu.com/media/img/flags/st3/large/it.png?size=100x65c&lossy=1&v=28",
        "cflag_visitor": "https://t.resfu.com/media/img/flags/st3/large/it.png?size=100x65c&lossy=1&v=28",
        "local_shield": "https://t.resfu.com/img_data/escudos/medium/6928.jpg?size=60x&lossy=1&v=28",
        "visitor_shield": "https://t.resfu.com/img_data/escudos/medium/277.jpg?size=60x&lossy=1&v=28",
        "date": "2023/03/14",
        "hour": "21",
        "minute": "00",
        "result": "x-x",
        "live_minute": "",
        "status": -1,
        "winner": 0,
        "channels": []
      },
      {
        "id": "366787",
        "round": "32",
        "local": "Lucchese Libertas",
        "group_code": "2",
        "total_group": "3",
        "visitor": "Siena",
        "competition_name": "Serie C",
        "league_id": "68592",
        "extraName": "Grupo B",
        "conference": "",
        "category_id": "90",
        "logo": "https://t.resfu.com/media/img/league_logos/lega_pro.png?size=120x&lossy=1&v=28",
        "team1": "6532360",
        "team2": "6532369",
        "dteam1": "2819",
        "dteam2": "2333",
        "local_abbr": "ASL",
        "visitor_abbr": "SIE",
        "numc": "0",
        "year": "2023",
        "playoffs": false,
        "coef": "20.000",
        "penaltis1": "",
        "penaltis2": "",
        "no_hour": false,
        "extraTxt": "En 6 horas",
        "cflag": "https://t.resfu.com/media/img/flags/st3/large/it.png?size=100x65c&lossy=1&v=28",
        "cflag_local": "https://t.resfu.com/media/img/flags/st3/large/it.png?size=100x65c&lossy=1&v=28",
        "cflag_visitor": "https://t.resfu.com/media/img/flags/st3/large/it.png?size=100x65c&lossy=1&v=28",
        "local_shield": "https://t.resfu.com/img_data/escudos/medium/2819.jpg?size=60x&lossy=1&v=28",
        "visitor_shield": "https://t.resfu.com/img_data/escudos/medium/2333.jpg?size=60x&lossy=1&v=28",
        "date": "2023/03/14",
        "hour": "21",
        "minute": "00",
        "result": "x-x",
        "live_minute": "",
        "status": -1,
        "winner": 0,
        "channels": []
      },
      {
        "id": "366785",
        "round": "32",
        "local": "Cesena",
        "group_code": "2",
        "total_group": "3",
        "visitor": "Virtus Entella",
        "competition_name": "Serie C",
        "league_id": "68592",
        "extraName": "Grupo B",
        "conference": "",
        "category_id": "90",
        "logo": "https://t.resfu.com/media/img/league_logos/lega_pro.png?size=120x&lossy=1&v=28",
        "team1": "6532355",
        "team2": "6532375",
        "dteam1": "35",
        "dteam2": "6503",
        "local_abbr": "CES",
        "visitor_abbr": "ACD",
        "numc": "0",
        "year": "2023",
        "playoffs": false,
        "coef": "20.000",
        "penaltis1": "",
        "penaltis2": "",
        "no_hour": false,
        "extraTxt": "En 6 horas",
        "cflag": "https://t.resfu.com/media/img/flags/st3/large/it.png?size=100x65c&lossy=1&v=28",
        "cflag_local": "https://t.resfu.com/media/img/flags/st3/large/it.png?size=100x65c&lossy=1&v=28",
        "cflag_visitor": "https://t.resfu.com/media/img/flags/st3/large/it.png?size=100x65c&lossy=1&v=28",
        "local_shield": "https://t.resfu.com/img_data/escudos/medium/35.jpg?size=60x&lossy=1&v=28",
        "visitor_shield": "https://t.resfu.com/img_data/escudos/medium/6503.jpg?size=60x&lossy=1&v=28",
        "date": "2023/03/14",
        "hour": "21",
        "minute": "00",
        "result": "x-x",
        "live_minute": "",
        "status": -1,
        "winner": 0,
        "channels": []
      },
      {
        "id": "638874",
        "round": "7",
        "local": "Deportes Quindío",
        "group_code": "1",
        "total_group": "1",
        "visitor": "Patriotas Boyacá",
        "competition_name": "Primera B Colombia - Apertura",
        "league_id": "70905",
        "extraName": "",
        "conference": "",
        "category_id": "196",
        "logo": "https://t.resfu.com/media/img/league_logos/torneo_aguila.png?size=120x&lossy=1&v=28",
        "team1": "6566218",
        "team2": "6566223",
        "dteam1": "898",
        "dteam2": "11319",
        "local_abbr": "QUI",
        "visitor_abbr": "PAT",
        "numc": "0",
        "year": "2023",
        "playoffs": false,
        "coef": "20.000",
        "penaltis1": "",
        "penaltis2": "",
        "no_hour": false,
        "extraTxt": "Hace 12 horas",
        "cflag": "https://t.resfu.com/media/img/flags/st3/large/co.png?size=100x65c&lossy=1&v=28",
        "cflag_local": "https://t.resfu.com/media/img/flags/st3/large/co.png?size=100x65c&lossy=1&v=28",
        "cflag_visitor": "https://t.resfu.com/media/img/flags/st3/large/co.png?size=100x65c&lossy=1&v=28",
        "local_shield": "https://t.resfu.com/img_data/escudos/medium/898.jpg?size=60x&lossy=1&v=28",
        "visitor_shield": "https://t.resfu.com/img_data/escudos/medium/11319.jpg?size=60x&lossy=1&v=28",
        "date": "2023/03/14",
        "hour": "00",
        "minute": "05",
        "result": "1-0",
        "live_minute": "",
        "status": 1,
        "winner": "6566218",
        "channels": []
      },
      {
        "id": "45423",
        "round": "29",
        "local": "Stevenage",
        "group_code": "1",
        "total_group": "1",
        "visitor": "Crewe Alexandra",
        "competition_name": "League Two",
        "league_id": "68033",
        "extraName": "",
        "conference": "",
        "category_id": "88",
        "logo": "https://t.resfu.com/media/img/league_logos/league_two.png?size=120x&lossy=1&v=28",
        "team1": "6520393",
        "team2": "6520379",
        "dteam1": "2859",
        "dteam2": "9186",
        "local_abbr": "STE",
        "visitor_abbr": "CRE",
        "numc": "0",
        "year": "2023",
        "playoffs": false,
        "coef": "18.750",
        "penaltis1": "",
        "penaltis2": "",
        "no_hour": false,
        "extraTxt": "En 6 horas",
        "cflag": "https://t.resfu.com/media/img/flags/st3/large/gb.png?size=100x65c&lossy=1&v=28",
        "cflag_local": "https://t.resfu.com/media/img/flags/st3/large/gb.png?size=100x65c&lossy=1&v=28",
        "cflag_visitor": "https://t.resfu.com/media/img/flags/st3/large/gb.png?size=100x65c&lossy=1&v=28",
        "local_shield": "https://t.resfu.com/img_data/escudos/medium/2859.jpg?size=60x&lossy=1&v=28",
        "visitor_shield": "https://t.resfu.com/img_data/escudos/medium/9186.jpg?size=60x&lossy=1&v=28",
        "date": "2023/03/14",
        "hour": "20",
        "minute": "45",
        "result": "x-x",
        "live_minute": "",
        "status": -1,
        "winner": 0,
        "channels": []
      },
      {
        "id": "45414",
        "round": "28",
        "local": "Walsall",
        "group_code": "1",
        "total_group": "1",
        "visitor": "Swindon Town",
        "competition_name": "League Two",
        "league_id": "68033",
        "extraName": "",
        "conference": "",
        "category_id": "88",
        "logo": "https://t.resfu.com/media/img/league_logos/league_two.png?size=120x&lossy=1&v=28",
        "team1": "6520397",
        "team2": "6520395",
        "dteam1": "9174",
        "dteam2": "9181",
        "local_abbr": "WAL",
        "visitor_abbr": "SWI",
        "numc": "0",
        "year": "2023",
        "playoffs": false,
        "coef": "18.750",
        "penaltis1": "",
        "penaltis2": "",
        "no_hour": false,
        "extraTxt": "En 6 horas",
        "cflag": "https://t.resfu.com/media/img/flags/st3/large/gb.png?size=100x65c&lossy=1&v=28",
        "cflag_local": "https://t.resfu.com/media/img/flags/st3/large/gb.png?size=100x65c&lossy=1&v=28",
        "cflag_visitor": "https://t.resfu.com/media/img/flags/st3/large/gb.png?size=100x65c&lossy=1&v=28",
        "local_shield": "https://t.resfu.com/img_data/escudos/medium/9174.jpg?size=60x&lossy=1&v=28",
        "visitor_shield": "https://t.resfu.com/img_data/escudos/medium/9181.jpg?size=60x&lossy=1&v=28",
        "date": "2023/03/14",
        "hour": "20",
        "minute": "45",
        "result": "x-x",
        "live_minute": "",
        "status": -1,
        "winner": 0,
        "channels": []
      },
      {
        "id": "45410",
        "round": "28",
        "local": "Newport County",
        "group_code": "1",
        "total_group": "1",
        "visitor": "AFC Wimbledon",
        "competition_name": "League Two",
        "league_id": "68033",
        "extraName": "",
        "conference": "",
        "category_id": "88",
        "logo": "https://t.resfu.com/media/img/league_logos/league_two.png?size=120x&lossy=1&v=28",
        "team1": "6520389",
        "team2": "6520378",
        "dteam1": "4534",
        "dteam2": "9200",
        "local_abbr": "NEW",
        "visitor_abbr": "AFC",
        "numc": "0",
        "year": "2023",
        "playoffs": false,
        "coef": "18.750",
        "penaltis1": "",
        "penaltis2": "",
        "no_hour": false,
        "extraTxt": "En 6 horas",
        "cflag": "https://t.resfu.com/media/img/flags/st3/large/gb.png?size=100x65c&lossy=1&v=28",
        "cflag_local": "https://t.resfu.com/media/img/flags/st3/large/wa.png?size=100x65c&lossy=1&v=28",
        "cflag_visitor": "https://t.resfu.com/media/img/flags/st3/large/gb.png?size=100x65c&lossy=1&v=28",
        "local_shield": "https://t.resfu.com/img_data/escudos/medium/4534.jpg?size=60x&lossy=1&v=28",
        "visitor_shield": "https://t.resfu.com/img_data/escudos/medium/9200.jpg?size=60x&lossy=1&v=28",
        "date": "2023/03/14",
        "hour": "20",
        "minute": "45",
        "result": "x-x",
        "live_minute": "",
        "status": -1,
        "winner": 0,
        "channels": []
      }
    ],
    "summary": {
      "today": "240",
      "spain": "4",
      "live": "0"
    }
  }