{
    "match": [
      {
        "id": "49632",
        "year": "2023",
        "group": "1",
        "total_group": "1",
        "round": "26",
        "local": "Real Valladolid",
        "visitor": "Athletic",
        "league_id": "67669",
        "stadium": "Municipal José Zorrilla",
        "team1": "6515747",
        "team2": "6514920",
        "conference": "0",
        "dteam1": "2654",
        "dteam2": "347",
        "numc": "0",
        "no_hour": false,
        "local_abbr": "VAD",
        "visitor_abbr": "ATH",
        "competition_name": "Primera División",
        "competition_id": "1",
        "split_league": "",
        "type": "Regular",
        "type_id": "4",
        "playoffs": false,
        "group_code": "1",
        "total_rounds": "38",
        "coef": "70.000",
        "cflag_local": "https://t.resfu.com/media/img/flags/st3/large/es.png?size=100x65c&lossy=1&v=28",
        "cflag_visitor": "https://t.resfu.com/media/img/flags/st3/large/es.png?size=100x65c&lossy=1&v=28",
        "local_shield": "https://t.resfu.com/img_data/escudos/medium/2654.jpg?size=60x&lossy=1&v=28",
        "visitor_shield": "https://t.resfu.com/img_data/escudos/medium/347.jpg?size=60x&lossy=1&v=28",
        "extraTxt": "En 3 días",
        "schedule": "2023-03-17 21:00:00",
        "date": "2023/03/17",
        "hour": "21",
        "minute": "00",
        "local_goals": "x",
        "visitor_goals": "x",
        "result": "x-x",
        "live_minute": "",
        "status": -1,
        "channels": [
          {
            "id": "20",
            "name": "Gol Play",
            "image": "https://t.resfu.com/media/televisiones/20.png?size=50x"
          },
          {
            "id": "317",
            "name": "DAZN",
            "image": "https://t.resfu.com/media/televisiones/317.png?size=50x"
          },
          {
            "id": "12063",
            "name": "DAZN LaLiga",
            "image": "https://t.resfu.com/media/televisiones/12063.png?size=50x"
          },
          {
            "id": "12066",
            "name": "LaLiga TV Bar",
            "image": "https://t.resfu.com/media/televisiones/12066.png?size=50x"
          }
        ],
        "winner": "0",
        "penaltis1": 0,
        "penaltis2": 0
      },
      {
        "id": "49630",
        "year": "2023",
        "group": "1",
        "total_group": "1",
        "round": "26",
        "local": "Almería",
        "visitor": "Cádiz",
        "league_id": "67669",
        "stadium": "Power Horse Stadium",
        "team1": "6515748",
        "team2": "6514923",
        "conference": "0",
        "dteam1": "183",
        "dteam2": "603",
        "numc": "0",
        "no_hour": false,
        "local_abbr": "ALM",
        "visitor_abbr": "CAD",
        "competition_name": "Primera División",
        "competition_id": "1",
        "split_league": "",
        "type": "Regular",
        "type_id": "4",
        "playoffs": false,
        "group_code": "1",
        "total_rounds": "38",
        "coef": "70.000",
        "cflag_local": "https://t.resfu.com/media/img/flags/st3/large/es.png?size=100x65c&lossy=1&v=28",
        "cflag_visitor": "https://t.resfu.com/media/img/flags/st3/large/es.png?size=100x65c&lossy=1&v=28",
        "local_shield": "https://t.resfu.com/img_data/escudos/medium/183.jpg?size=60x&lossy=1&v=28",
        "visitor_shield": "https://t.resfu.com/img_data/escudos/medium/603.jpg?size=60x&lossy=1&v=28",
        "extraTxt": "En 3 días",
        "schedule": "2023-03-18 14:00:00",
        "date": "2023/03/18",
        "hour": "14",
        "minute": "00",
        "local_goals": "x",
        "visitor_goals": "x",
        "result": "x-x",
        "live_minute": "",
        "status": -1,
        "channels": [
          {
            "id": "325",
            "name": "LaLigaTV por M+",
            "image": "https://t.resfu.com/media/televisiones/325.png?size=50x"
          },
          {
            "id": "12066",
            "name": "LaLiga TV Bar",
            "image": "https://t.resfu.com/media/televisiones/12066.png?size=50x"
          }
        ],
        "winner": "0",
        "penaltis1": 0,
        "penaltis2": 0
      },
      {
        "id": "49640",
        "year": "2023",
        "group": "1",
        "total_group": "1",
        "round": "26",
        "local": "Rayo Vallecano",
        "visitor": "Girona",
        "league_id": "67669",
        "stadium": "Estadio de Vallecas",
        "team1": "6514931",
        "team2": "6519125",
        "conference": "0",
        "dteam1": "2080",
        "dteam2": "1236",
        "numc": "0",
        "no_hour": false,
        "local_abbr": "RAY",
        "visitor_abbr": "GIR",
        "competition_name": "Primera División",
        "competition_id": "1",
        "split_league": "",
        "type": "Regular",
        "type_id": "4",
        "playoffs": false,
        "group_code": "1",
        "total_rounds": "38",
        "coef": "70.000",
        "cflag_local": "https://t.resfu.com/media/img/flags/st3/large/es.png?size=100x65c&lossy=1&v=28",
        "cflag_visitor": "https://t.resfu.com/media/img/flags/st3/large/es.png?size=100x65c&lossy=1&v=28",
        "local_shield": "https://t.resfu.com/img_data/escudos/medium/2080.jpg?size=60x&lossy=1&v=28",
        "visitor_shield": "https://t.resfu.com/img_data/escudos/medium/1236.jpg?size=60x&lossy=1&v=28",
        "extraTxt": "En 4 días",
        "schedule": "2023-03-18 16:15:00",
        "date": "2023/03/18",
        "hour": "16",
        "minute": "15",
        "local_goals": "x",
        "visitor_goals": "x",
        "result": "x-x",
        "live_minute": "",
        "status": -1,
        "channels": [
          {
            "id": "317",
            "name": "DAZN",
            "image": "https://t.resfu.com/media/televisiones/317.png?size=50x"
          },
          {
            "id": "12063",
            "name": "DAZN LaLiga",
            "image": "https://t.resfu.com/media/televisiones/12063.png?size=50x"
          },
          {
            "id": "12066",
            "name": "LaLiga TV Bar",
            "image": "https://t.resfu.com/media/televisiones/12066.png?size=50x"
          }
        ],
        "winner": "0",
        "penaltis1": 0,
        "penaltis2": 0
      },
      {
        "id": "49635",
        "year": "2023",
        "group": "1",
        "total_group": "1",
        "round": "26",
        "local": "Espanyol",
        "visitor": "Celta",
        "league_id": "67669",
        "stadium": "RCDE Stadium",
        "team1": "6514926",
        "team2": "6514924",
        "conference": "0",
        "dteam1": "998",
        "dteam2": "712",
        "numc": "0",
        "no_hour": false,
        "local_abbr": "ESP",
        "visitor_abbr": "CEL",
        "competition_name": "Primera División",
        "competition_id": "1",
        "split_league": "",
        "type": "Regular",
        "type_id": "4",
        "playoffs": false,
        "group_code": "1",
        "total_rounds": "38",
        "coef": "70.000",
        "cflag_local": "https://t.resfu.com/media/img/flags/st3/large/es.png?size=100x65c&lossy=1&v=28",
        "cflag_visitor": "https://t.resfu.com/media/img/flags/st3/large/es.png?size=100x65c&lossy=1&v=28",
        "local_shield": "https://t.resfu.com/img_data/escudos/medium/998.jpg?size=60x&lossy=1&v=28",
        "visitor_shield": "https://t.resfu.com/img_data/escudos/medium/712.jpg?size=60x&lossy=1&v=28",
        "extraTxt": "En 4 días",
        "schedule": "2023-03-18 18:30:00",
        "date": "2023/03/18",
        "hour": "18",
        "minute": "30",
        "local_goals": "x",
        "visitor_goals": "x",
        "result": "x-x",
        "live_minute": "",
        "status": -1,
        "channels": [
          {
            "id": "317",
            "name": "DAZN",
            "image": "https://t.resfu.com/media/televisiones/317.png?size=50x"
          },
          {
            "id": "325",
            "name": "LaLigaTV por M+",
            "image": "https://t.resfu.com/media/televisiones/325.png?size=50x"
          },
          {
            "id": "12066",
            "name": "LaLiga TV Bar",
            "image": "https://t.resfu.com/media/televisiones/12066.png?size=50x"
          }
        ],
        "winner": "0",
        "penaltis1": 0,
        "penaltis2": 0
      },
      {
        "id": "49617",
        "year": "2023",
        "group": "1",
        "total_group": "1",
        "round": "26",
        "local": "Atlético",
        "visitor": "Valencia",
        "league_id": "67669",
        "stadium": "Cívitas Metropolitano",
        "team1": "6514921",
        "team2": "6514935",
        "conference": "0",
        "dteam1": "369",
        "dteam2": "2647",
        "numc": "0",
        "no_hour": false,
        "local_abbr": "ATM",
        "visitor_abbr": "VCF",
        "competition_name": "Primera División",
        "competition_id": "1",
        "split_league": "",
        "type": "Regular",
        "type_id": "4",
        "playoffs": false,
        "group_code": "1",
        "total_rounds": "38",
        "coef": "70.000",
        "cflag_local": "https://t.resfu.com/media/img/flags/st3/large/es.png?size=100x65c&lossy=1&v=28",
        "cflag_visitor": "https://t.resfu.com/media/img/flags/st3/large/es.png?size=100x65c&lossy=1&v=28",
        "local_shield": "https://t.resfu.com/img_data/escudos/medium/369.jpg?size=60x&lossy=1&v=28",
        "visitor_shield": "https://t.resfu.com/img_data/escudos/medium/2647.jpg?size=60x&lossy=1&v=28",
        "extraTxt": "En 4 días",
        "schedule": "2023-03-18 21:00:00",
        "date": "2023/03/18",
        "hour": "21",
        "minute": "00",
        "local_goals": "x",
        "visitor_goals": "x",
        "result": "x-x",
        "live_minute": "",
        "status": -1,
        "channels": [
          {
            "id": "317",
            "name": "DAZN",
            "image": "https://t.resfu.com/media/televisiones/317.png?size=50x"
          },
          {
            "id": "12063",
            "name": "DAZN LaLiga",
            "image": "https://t.resfu.com/media/televisiones/12063.png?size=50x"
          },
          {
            "id": "12066",
            "name": "LaLiga TV Bar",
            "image": "https://t.resfu.com/media/televisiones/12066.png?size=50x"
          }
        ],
        "winner": "0",
        "penaltis1": 0,
        "penaltis2": 0
      },
      {
        "id": "49623",
        "year": "2023",
        "group": "1",
        "total_group": "1",
        "round": "26",
        "local": "Real Betis",
        "visitor": "Mallorca",
        "league_id": "67669",
        "stadium": "Benito Villamarín",
        "team1": "6514932",
        "team2": "6514928",
        "conference": "0",
        "dteam1": "486",
        "dteam2": "1623",
        "numc": "0",
        "no_hour": false,
        "local_abbr": "BET",
        "visitor_abbr": "MLL",
        "competition_name": "Primera División",
        "competition_id": "1",
        "split_league": "",
        "type": "Regular",
        "type_id": "4",
        "playoffs": false,
        "group_code": "1",
        "total_rounds": "38",
        "coef": "70.000",
        "cflag_local": "https://t.resfu.com/media/img/flags/st3/large/es.png?size=100x65c&lossy=1&v=28",
        "cflag_visitor": "https://t.resfu.com/media/img/flags/st3/large/es.png?size=100x65c&lossy=1&v=28",
        "local_shield": "https://t.resfu.com/img_data/escudos/medium/486.jpg?size=60x&lossy=1&v=28",
        "visitor_shield": "https://t.resfu.com/img_data/escudos/medium/1623.jpg?size=60x&lossy=1&v=28",
        "extraTxt": "En 4 días",
        "schedule": "2023-03-19 14:00:00",
        "date": "2023/03/19",
        "hour": "14",
        "minute": "00",
        "local_goals": "x",
        "visitor_goals": "x",
        "result": "x-x",
        "live_minute": "",
        "status": -1,
        "channels": [
          {
            "id": "317",
            "name": "DAZN",
            "image": "https://t.resfu.com/media/televisiones/317.png?size=50x"
          },
          {
            "id": "325",
            "name": "LaLigaTV por M+",
            "image": "https://t.resfu.com/media/televisiones/325.png?size=50x"
          },
          {
            "id": "12063",
            "name": "DAZN LaLiga",
            "image": "https://t.resfu.com/media/televisiones/12063.png?size=50x"
          },
          {
            "id": "12066",
            "name": "LaLiga TV Bar",
            "image": "https://t.resfu.com/media/televisiones/12066.png?size=50x"
          }
        ],
        "winner": "0",
        "penaltis1": 0,
        "penaltis2": 0
      },
      {
        "id": "49628",
        "year": "2023",
        "group": "1",
        "total_group": "1",
        "round": "26",
        "local": "Osasuna",
        "visitor": "Villarreal",
        "league_id": "67669",
        "stadium": "El Sadar",
        "team1": "6514929",
        "team2": "6514936",
        "conference": "0",
        "dteam1": "1887",
        "dteam2": "2716",
        "numc": "0",
        "no_hour": false,
        "local_abbr": "OSA",
        "visitor_abbr": "VIL",
        "competition_name": "Primera División",
        "competition_id": "1",
        "split_league": "",
        "type": "Regular",
        "type_id": "4",
        "playoffs": false,
        "group_code": "1",
        "total_rounds": "38",
        "coef": "70.000",
        "cflag_local": "https://t.resfu.com/media/img/flags/st3/large/es.png?size=100x65c&lossy=1&v=28",
        "cflag_visitor": "https://t.resfu.com/media/img/flags/st3/large/es.png?size=100x65c&lossy=1&v=28",
        "local_shield": "https://t.resfu.com/img_data/escudos/medium/1887.jpg?size=60x&lossy=1&v=28",
        "visitor_shield": "https://t.resfu.com/img_data/escudos/medium/2716.jpg?size=60x&lossy=1&v=28",
        "extraTxt": "En 5 días",
        "schedule": "2023-03-19 16:15:00",
        "date": "2023/03/19",
        "hour": "16",
        "minute": "15",
        "local_goals": "x",
        "visitor_goals": "x",
        "result": "x-x",
        "live_minute": "",
        "status": -1,
        "channels": [
          {
            "id": "317",
            "name": "DAZN",
            "image": "https://t.resfu.com/media/televisiones/317.png?size=50x"
          },
          {
            "id": "325",
            "name": "LaLigaTV por M+",
            "image": "https://t.resfu.com/media/televisiones/325.png?size=50x"
          },
          {
            "id": "12066",
            "name": "LaLiga TV Bar",
            "image": "https://t.resfu.com/media/televisiones/12066.png?size=50x"
          }
        ],
        "winner": "0",
        "penaltis1": 0,
        "penaltis2": 0
      },
      {
        "id": "49636",
        "year": "2023",
        "group": "1",
        "total_group": "1",
        "round": "26",
        "local": "R. Sociedad",
        "visitor": "Elche",
        "league_id": "67669",
        "stadium": "Reale Arena",
        "team1": "6514930",
        "team2": "6514925",
        "conference": "0",
        "dteam1": "2120",
        "dteam2": "975",
        "numc": "0",
        "no_hour": false,
        "local_abbr": "RSO",
        "visitor_abbr": "ELC",
        "competition_name": "Primera División",
        "competition_id": "1",
        "split_league": "",
        "type": "Regular",
        "type_id": "4",
        "playoffs": false,
        "group_code": "1",
        "total_rounds": "38",
        "coef": "70.000",
        "cflag_local": "https://t.resfu.com/media/img/flags/st3/large/es.png?size=100x65c&lossy=1&v=28",
        "cflag_visitor": "https://t.resfu.com/media/img/flags/st3/large/es.png?size=100x65c&lossy=1&v=28",
        "local_shield": "https://t.resfu.com/img_data/escudos/medium/2120.jpg?size=60x&lossy=1&v=28",
        "visitor_shield": "https://t.resfu.com/img_data/escudos/medium/975.jpg?size=60x&lossy=1&v=28",
        "extraTxt": "En 5 días",
        "schedule": "2023-03-19 16:15:00",
        "date": "2023/03/19",
        "hour": "16",
        "minute": "15",
        "local_goals": "x",
        "visitor_goals": "x",
        "result": "x-x",
        "live_minute": "",
        "status": -1,
        "channels": [
          {
            "id": "317",
            "name": "DAZN",
            "image": "https://t.resfu.com/media/televisiones/317.png?size=50x"
          },
          {
            "id": "12063",
            "name": "DAZN LaLiga",
            "image": "https://t.resfu.com/media/televisiones/12063.png?size=50x"
          },
          {
            "id": "12066",
            "name": "LaLiga TV Bar",
            "image": "https://t.resfu.com/media/televisiones/12066.png?size=50x"
          },
          {
            "id": "12290",
            "name": "LaLiga TV M2",
            "image": "https://t.resfu.com/media/televisiones/12290.png?size=50x"
          }
        ],
        "winner": "0",
        "penaltis1": 0,
        "penaltis2": 0
      },
      {
        "id": "49625",
        "year": "2023",
        "group": "1",
        "total_group": "1",
        "round": "26",
        "local": "Getafe",
        "visitor": "Sevilla",
        "league_id": "67669",
        "stadium": "Coliseum Alfonso Pérez",
        "team1": "6514927",
        "team2": "6514934",
        "conference": "0",
        "dteam1": "1217",
        "dteam2": "1102",
        "numc": "0",
        "no_hour": false,
        "local_abbr": "GET",
        "visitor_abbr": "SEV",
        "competition_name": "Primera División",
        "competition_id": "1",
        "split_league": "",
        "type": "Regular",
        "type_id": "4",
        "playoffs": false,
        "group_code": "1",
        "total_rounds": "38",
        "coef": "70.000",
        "cflag_local": "https://t.resfu.com/media/img/flags/st3/large/es.png?size=100x65c&lossy=1&v=28",
        "cflag_visitor": "https://t.resfu.com/media/img/flags/st3/large/es.png?size=100x65c&lossy=1&v=28",
        "local_shield": "https://t.resfu.com/img_data/escudos/medium/1217.jpg?size=60x&lossy=1&v=28",
        "visitor_shield": "https://t.resfu.com/img_data/escudos/medium/1102.jpg?size=60x&lossy=1&v=28",
        "extraTxt": "En 5 días",
        "schedule": "2023-03-19 18:30:00",
        "date": "2023/03/19",
        "hour": "18",
        "minute": "30",
        "local_goals": "x",
        "visitor_goals": "x",
        "result": "x-x",
        "live_minute": "",
        "status": -1,
        "channels": [
          {
            "id": "317",
            "name": "DAZN",
            "image": "https://t.resfu.com/media/televisiones/317.png?size=50x"
          },
          {
            "id": "12063",
            "name": "DAZN LaLiga",
            "image": "https://t.resfu.com/media/televisiones/12063.png?size=50x"
          },
          {
            "id": "12066",
            "name": "LaLiga TV Bar",
            "image": "https://t.resfu.com/media/televisiones/12066.png?size=50x"
          }
        ],
        "winner": "0",
        "penaltis1": 0,
        "penaltis2": 0
      },
      {
        "id": "49619",
        "year": "2023",
        "group": "1",
        "total_group": "1",
        "round": "26",
        "local": "Barcelona",
        "visitor": "Real Madrid",
        "league_id": "67669",
        "stadium": "Spotify Camp Nou",
        "team1": "6514922",
        "team2": "6514933",
        "conference": "0",
        "dteam1": "429",
        "dteam2": "2107",
        "numc": "0",
        "no_hour": false,
        "local_abbr": "FCB",
        "visitor_abbr": "RMA",
        "competition_name": "Primera División",
        "competition_id": "1",
        "split_league": "",
        "type": "Regular",
        "type_id": "4",
        "playoffs": false,
        "group_code": "1",
        "total_rounds": "38",
        "coef": "70.000",
        "cflag_local": "https://t.resfu.com/media/img/flags/st3/large/es.png?size=100x65c&lossy=1&v=28",
        "cflag_visitor": "https://t.resfu.com/media/img/flags/st3/large/es.png?size=100x65c&lossy=1&v=28",
        "local_shield": "https://t.resfu.com/img_data/escudos/medium/429.jpg?size=60x&lossy=1&v=28",
        "visitor_shield": "https://t.resfu.com/img_data/escudos/medium/2107.jpg?size=60x&lossy=1&v=28",
        "extraTxt": "En 5 días",
        "schedule": "2023-03-19 21:00:00",
        "date": "2023/03/19",
        "hour": "21",
        "minute": "00",
        "local_goals": "x",
        "visitor_goals": "x",
        "result": "x-x",
        "live_minute": "",
        "status": -1,
        "channels": [
          {
            "id": "325",
            "name": "LaLigaTV por M+",
            "image": "https://t.resfu.com/media/televisiones/325.png?size=50x"
          },
          {
            "id": "12066",
            "name": "LaLiga TV Bar",
            "image": "https://t.resfu.com/media/televisiones/12066.png?size=50x"
          }
        ],
        "winner": "0",
        "penaltis1": 0,
        "penaltis2": 0
      }
    ],
    "twolegged": 0,
    "linked_matches": 0
  }