{
    "seasons": [
      {
        "title": "22/23",
        "year": "2023"
      },
      {
        "title": "21/22",
        "year": "2022"
      },
      {
        "title": "20/21",
        "year": "2021"
      },
      {
        "title": "19/20",
        "year": "2020"
      },
      {
        "title": "18/19",
        "year": "2019"
      },
      {
        "title": "17/18",
        "year": "2018"
      },
      {
        "title": "16/17",
        "year": "2017"
      },
      {
        "title": "15/16",
        "year": "2016"
      },
      {
        "title": "14/15",
        "year": "2015"
      },
      {
        "title": "13/14",
        "year": "2014"
      },
      {
        "title": "12/13",
        "year": "2013"
      },
      {
        "title": "11/12",
        "year": "2012"
      },
      {
        "title": "10/11",
        "year": "2011"
      },
      {
        "title": "09/10",
        "year": "2010"
      },
      {
        "title": "08/09",
        "year": "2009"
      },
      {
        "title": "07/08",
        "year": "2008"
      },
      {
        "title": "06/07",
        "year": "2007"
      },
      {
        "title": "05/06",
        "year": "2006"
      },
      {
        "title": "04/05",
        "year": "2005"
      },
      {
        "title": "03/04",
        "year": "2004"
      },
      {
        "title": "02/03",
        "year": "2003"
      },
      {
        "title": "01/02",
        "year": "2002"
      },
      {
        "title": "00/01",
        "year": "2001"
      },
      {
        "title": "99/00",
        "year": "2000"
      },
      {
        "title": "98/99",
        "year": "1999"
      },
      {
        "title": "97/98",
        "year": "1998"
      },
      {
        "title": "96/97",
        "year": "1997"
      },
      {
        "title": "95/96",
        "year": "1996"
      },
      {
        "title": "94/95",
        "year": "1995"
      },
      {
        "title": "93/94",
        "year": "1994"
      },
      {
        "title": "92/93",
        "year": "1993"
      },
      {
        "title": "91/92",
        "year": "1992"
      },
      {
        "title": "90/91",
        "year": "1991"
      },
      {
        "title": "89/90",
        "year": "1990"
      },
      {
        "title": "88/89",
        "year": "1989"
      },
      {
        "title": "87/88",
        "year": "1988"
      },
      {
        "title": "86/87",
        "year": "1987"
      },
      {
        "title": "85/86",
        "year": "1986"
      },
      {
        "title": "84/85",
        "year": "1985"
      },
      {
        "title": "83/84",
        "year": "1984"
      },
      {
        "title": "82/83",
        "year": "1983"
      },
      {
        "title": "81/82",
        "year": "1982"
      },
      {
        "title": "80/81",
        "year": "1981"
      },
      {
        "title": "79/80",
        "year": "1980"
      },
      {
        "title": "78/79",
        "year": "1979"
      },
      {
        "title": "77/78",
        "year": "1978"
      },
      {
        "title": "76/77",
        "year": "1977"
      },
      {
        "title": "75/76",
        "year": "1976"
      },
      {
        "title": "74/75",
        "year": "1975"
      },
      {
        "title": "73/74",
        "year": "1974"
      },
      {
        "title": "72/73",
        "year": "1973"
      },
      {
        "title": "71/72",
        "year": "1972"
      },
      {
        "title": "70/71",
        "year": "1971"
      },
      {
        "title": "69/70",
        "year": "1970"
      },
      {
        "title": "68/69",
        "year": "1969"
      },
      {
        "title": "67/68",
        "year": "1968"
      },
      {
        "title": "66/67",
        "year": "1967"
      },
      {
        "title": "65/66",
        "year": "1966"
      },
      {
        "title": "64/65",
        "year": "1965"
      },
      {
        "title": "63/64",
        "year": "1964"
      },
      {
        "title": "62/63",
        "year": "1963"
      },
      {
        "title": "61/62",
        "year": "1962"
      },
      {
        "title": "60/61",
        "year": "1961"
      },
      {
        "title": "59/60",
        "year": "1960"
      },
      {
        "title": "58/59",
        "year": "1959"
      },
      {
        "title": "57/58",
        "year": "1958"
      },
      {
        "title": "56/57",
        "year": "1957"
      },
      {
        "title": "55/56",
        "year": "1956"
      },
      {
        "title": "54/55",
        "year": "1955"
      },
      {
        "title": "53/54",
        "year": "1954"
      },
      {
        "title": "52/53",
        "year": "1953"
      },
      {
        "title": "51/52",
        "year": "1952"
      },
      {
        "title": "50/51",
        "year": "1951"
      },
      {
        "title": "49/50",
        "year": "1950"
      },
      {
        "title": "48/49",
        "year": "1949"
      },
      {
        "title": "47/48",
        "year": "1948"
      },
      {
        "title": "46/47",
        "year": "1947"
      },
      {
        "title": "45/46",
        "year": "1946"
      },
      {
        "title": "44/45",
        "year": "1945"
      },
      {
        "title": "43/44",
        "year": "1944"
      },
      {
        "title": "42/43",
        "year": "1943"
      },
      {
        "title": "41/42",
        "year": "1942"
      },
      {
        "title": "40/41",
        "year": "1941"
      },
      {
        "title": "39/40",
        "year": "1940"
      },
      {
        "title": "35/36",
        "year": "1936"
      },
      {
        "title": "34/35",
        "year": "1935"
      },
      {
        "title": "33/34",
        "year": "1934"
      },
      {
        "title": "32/33",
        "year": "1933"
      },
      {
        "title": "31/32",
        "year": "1932"
      },
      {
        "title": "30/31",
        "year": "1931"
      },
      {
        "title": "29/30",
        "year": "1930"
      },
      {
        "title": "28/29",
        "year": "1929"
      }
    ]
  }